Track_EN,الشعبة_AR,College_University_AR,College_University_EN,MinScore_2022_out_of_410,Percentage,KeySkillsRequired
Scientific - Science Track,علمي علوم,طب المنصورة,Medicine Mansoura,387.0,94.39,"High focus and memorization, empathy and human communication, stress tolerance, reading scientific research in English"
Scientific - Science Track,علمي علوم,هندسة بترول و تعدين السويس,Engineering Petroleum and Mining Suez,386.0,94.15,"Advanced math and physics, geological analysis, fieldwork and precise engineering calculations"
Scientific - Science Track,علمي علوم,طب سوهاج,Medicine Sohag,386.0,94.15,"High focus and memorization, empathy and human communication, stress tolerance, reading scientific research in English"
Scientific - Science Track,علمي علوم,طب دمياط,Medicine Damietta,386.0,94.15,"High focus and memorization, empathy and human communication, stress tolerance, reading scientific research in English"
Scientific - Science Track,علمي علوم,طب الزقازيق,Medicine Zagazig,385.0,93.9,"High focus and memorization, empathy and human communication, stress tolerance, reading scientific research in English"
Scientific - Science Track,علمي علوم,طب فاقوس,Medicine Fakous,384.0,93.66,"High focus and memorization, empathy and human communication, stress tolerance, reading scientific research in English"
Scientific - Science Track,علمي علوم,طب كفر الشيخ,Medicine Kafr Sheikh,383.0,93.41,"High focus and memorization, empathy and human communication, stress tolerance, reading scientific research in English"
Scientific - Science Track,علمي علوم,طب طنطا,Medicine Tanta,383.0,93.41,"High focus and memorization, empathy and human communication, stress tolerance, reading scientific research in English"
Scientific - Science Track,علمي علوم,طب أسنان جنوب الوادي,Medicine Dentistry South Wadi,382.0,93.17,"High manual precision, anatomical understanding, patient care, patience, fine cosmetic skills"
Scientific - Science Track,علمي علوم,طب الإسكندرية,Medicine Alexandria,382.0,93.17,"High focus and memorization, empathy and human communication, stress tolerance, reading scientific research in English"
Scientific - Science Track,علمي علوم,طب أسنان المنصورة,Medicine Dentistry Mansoura,382.0,93.17,"High manual precision, anatomical understanding, patient care, patience, fine cosmetic skills"
Scientific - Science Track,علمي علوم,طب بور سعيد,Medicine Port Said,381.0,92.93,"High focus and memorization, empathy and human communication, stress tolerance, reading scientific research in English"
Scientific - Science Track,علمي علوم,طب القاهرة,Medicine Cairo,381.0,92.93,"High focus and memorization, empathy and human communication, stress tolerance, reading scientific research in English"
Scientific - Science Track,علمي علوم,طب أسيوط,Medicine Asyut,381.0,92.93,"High focus and memorization, empathy and human communication, stress tolerance, reading scientific research in English"
Scientific - Science Track,علمي علوم,طب عين شمس,Medicine Ain Shams,380.0,92.68,"High focus and memorization, empathy and human communication, stress tolerance, reading scientific research in English"
Scientific - Science Track,علمي علوم,طب المنوفية بشبين الكوم,Medicine Menoufia in Shebin Kom,380.0,92.68,"High focus and memorization, empathy and human communication, stress tolerance, reading scientific research in English"
Scientific - Science Track,علمي علوم,طب جنوب الوادي,Medicine South Wadi,380.0,92.68,"High focus and memorization, empathy and human communication, stress tolerance, reading scientific research in English"
Scientific - Science Track,علمي علوم,طب الاقصر,Medicine Luxor,379.0,92.44,"High focus and memorization, empathy and human communication, stress tolerance, reading scientific research in English"
Scientific - Science Track,علمي علوم,طب بنها,Medicine Banha,379.0,92.44,"High focus and memorization, empathy and human communication, stress tolerance, reading scientific research in English"
Scientific - Science Track,علمي علوم,طب حلوان,Medicine Helwan,378.0,92.2,"High focus and memorization, empathy and human communication, stress tolerance, reading scientific research in English"
Scientific - Science Track,علمي علوم,طب قناة السويس بالإسماعيلية,Medicine Canal Suez in Ismailia,378.0,92.2,"High focus and memorization, empathy and human communication, stress tolerance, reading scientific research in English"
Scientific - Science Track,علمي علوم,طب المنيا,Medicine Minya,378.0,92.2,"High focus and memorization, empathy and human communication, stress tolerance, reading scientific research in English"
Scientific - Science Track,علمي علوم,طب أسنان الزقازيق,Medicine Dentistry Zagazig,378.0,92.2,"High manual precision, anatomical understanding, patient care, patience, fine cosmetic skills"
Scientific - Science Track,علمي علوم,طب السويس,Medicine Suez,377.0,91.95,"High focus and memorization, empathy and human communication, stress tolerance, reading scientific research in English"
Scientific - Science Track,علمي علوم,طب الفيوم,Medicine Fayoum,377.0,91.95,"High focus and memorization, empathy and human communication, stress tolerance, reading scientific research in English"
Scientific - Science Track,علمي علوم,طب أسنان كفر الشيخ,Medicine Dentistry Kafr Sheikh,377.0,91.95,"High manual precision, anatomical understanding, patient care, patience, fine cosmetic skills"
Scientific - Science Track,علمي علوم,طب أسنان المنوفية,Medicine Dentistry Menoufia,377.0,91.95,"High manual precision, anatomical understanding, patient care, patience, fine cosmetic skills"
Scientific - Science Track,علمي علوم,طب العريش,Medicine Al-Arish,376.0,91.71,"High focus and memorization, empathy and human communication, stress tolerance, reading scientific research in English"
Scientific - Science Track,علمي علوم,طب أسنان أسيوط,Medicine Dentistry Asyut,376.0,91.71,"High manual precision, anatomical understanding, patient care, patience, fine cosmetic skills"
Scientific - Science Track,علمي علوم,طب أسوان,Medicine Aswan,376.0,91.71,"High focus and memorization, empathy and human communication, stress tolerance, reading scientific research in English"
Scientific - Science Track,علمي علوم,طب أسنان طنطا,Medicine Dentistry Tanta,376.0,91.71,"High manual precision, anatomical understanding, patient care, patience, fine cosmetic skills"
Scientific - Science Track,علمي علوم,طب أسنان عين شمس,Medicine Dentistry Ain Shams,376.0,91.71,"High manual precision, anatomical understanding, patient care, patience, fine cosmetic skills"
Scientific - Science Track,علمي علوم,طب أسنان الإسكندرية,Medicine Dentistry Alexandria,376.0,91.71,"High manual precision, anatomical understanding, patient care, patience, fine cosmetic skills"
Scientific - Science Track,علمي علوم,طب أسنان القاهرة,Medicine Dentistry Cairo,376.0,91.71,"High manual precision, anatomical understanding, patient care, patience, fine cosmetic skills"
Scientific - Science Track,علمي علوم,طب بني سويف,Medicine Beni Suef,376.0,91.71,"High focus and memorization, empathy and human communication, stress tolerance, reading scientific research in English"
Scientific - Science Track,علمي علوم,طب أسنان قناة السويس بالإسماعيلية,Medicine Dentistry Canal Suez in Ismailia,376.0,91.71,"High manual precision, anatomical understanding, patient care, patience, fine cosmetic skills"
Scientific - Science Track,علمي علوم,طب الوادي الجديد,Medicine Wadi New,376.0,91.71,"High focus and memorization, empathy and human communication, stress tolerance, reading scientific research in English"
Scientific - Science Track,علمي علوم,طب أسنان المنيا,Medicine Dentistry Minya,375.0,91.46,"High manual precision, anatomical understanding, patient care, patience, fine cosmetic skills"
Scientific - Science Track,علمي علوم,طب أسنان الفيوم,Medicine Dentistry Fayoum,375.0,91.46,"High manual precision, anatomical understanding, patient care, patience, fine cosmetic skills"
Scientific - Science Track,علمي علوم,طب أسنان السويس,Medicine Dentistry Suez,375.0,91.46,"High manual precision, anatomical understanding, patient care, patience, fine cosmetic skills"
Scientific - Science Track,علمي علوم,طب أسنان بني سويف,Medicine Dentistry Beni Suef,375.0,91.46,"High manual precision, anatomical understanding, patient care, patience, fine cosmetic skills"
Scientific - Science Track,علمي علوم,علاج طبيعي كفر الشيخ,Therapy Physical (Therapy) Kafr Sheikh,374.0,91.22,"High focus and memorization, empathy and human communication, stress tolerance, reading scientific research in English"
Scientific - Science Track,علمي علوم,علاج طبيعي بنها,Therapy Physical (Therapy) Banha,373.0,90.98,"High focus and memorization, empathy and human communication, stress tolerance, reading scientific research in English"
Scientific - Science Track,علمي علوم,علاج طبيعي القاهرة,Therapy Physical (Therapy) Cairo,373.0,90.98,"High focus and memorization, empathy and human communication, stress tolerance, reading scientific research in English"
Scientific - Science Track,علمي علوم,صيدلة سوهاج,Pharmacy Sohag,373.0,90.98,"Chemical precision, memorizing drug compositions, patient communication, understanding drug interactions"
Scientific - Science Track,علمي علوم,علاج طبيعي جنوب الوادي,Therapy Physical (Therapy) South Wadi,372.0,90.73,"High focus and memorization, empathy and human communication, stress tolerance, reading scientific research in English"
Scientific - Science Track,علمي علوم,علاج طبيعي السويس,Therapy Physical (Therapy) Suez,372.0,90.73,"High focus and memorization, empathy and human communication, stress tolerance, reading scientific research in English"
Scientific - Science Track,علمي علوم,صيدلة المنصورة,Pharmacy Mansoura,372.0,90.73,"Chemical precision, memorizing drug compositions, patient communication, understanding drug interactions"
Scientific - Science Track,علمي علوم,علاج طبيعي بني سويف,Therapy Physical (Therapy) Beni Suef,372.0,90.73,"High focus and memorization, empathy and human communication, stress tolerance, reading scientific research in English"
Scientific - Science Track,علمي علوم,صيدلة الزقازيق,Pharmacy Zagazig,371.0,90.49,"Chemical precision, memorizing drug compositions, patient communication, understanding drug interactions"
Scientific - Science Track,علمي علوم,صيدلة طنطا,Pharmacy Tanta,371.0,90.49,"Chemical precision, memorizing drug compositions, patient communication, understanding drug interactions"
Scientific - Science Track,علمي علوم,صيدلة جنوب الوادي,Pharmacy South Wadi,371.0,90.49,"Chemical precision, memorizing drug compositions, patient communication, understanding drug interactions"
Scientific - Science Track,علمي علوم,صيدلة دمنهور,Pharmacy Damanhour,371.0,90.49,"Chemical precision, memorizing drug compositions, patient communication, understanding drug interactions"
Scientific - Science Track,علمي علوم,صيدلة القاهرة,Pharmacy Cairo,370.0,90.24,"Chemical precision, memorizing drug compositions, patient communication, understanding drug interactions"
Scientific - Science Track,علمي علوم,صيدلة عين شمس,Pharmacy Ain Shams,370.0,90.24,"Chemical precision, memorizing drug compositions, patient communication, understanding drug interactions"
Scientific - Science Track,علمي علوم,صيدلة الإسكندرية,Pharmacy Alexandria,370.0,90.24,"Chemical precision, memorizing drug compositions, patient communication, understanding drug interactions"
Scientific - Science Track,علمي علوم,صيدلة بور سعيد,Pharmacy Port Said,370.0,90.24,"Chemical precision, memorizing drug compositions, patient communication, understanding drug interactions"
Scientific - Science Track,علمي علوم,صيدلة أسيوط,Pharmacy Asyut,370.0,90.24,"Chemical precision, memorizing drug compositions, patient communication, understanding drug interactions"
Scientific - Science Track,علمي علوم,صيدلة المنوفية,Pharmacy Menoufia,370.0,90.24,"Chemical precision, memorizing drug compositions, patient communication, understanding drug interactions"
Scientific - Science Track,علمي علوم,صيدلة قناة السويس بالإسماعيلية,Pharmacy Canal Suez in Ismailia,370.0,90.24,"Chemical precision, memorizing drug compositions, patient communication, understanding drug interactions"
Scientific - Science Track,علمي علوم,صيدلة مدينة السادات,Pharmacy City of Sadat,370.0,90.24,"Chemical precision, memorizing drug compositions, patient communication, understanding drug interactions"
Scientific - Science Track,علمي علوم,صيدلة و تصنيع دوائي كفر الشيخ,Pharmacy and Manufacturing Pharmaceutical Kafr Sheikh,370.0,90.24,"Chemical precision, memorizing drug compositions, patient communication, understanding drug interactions"
Scientific - Science Track,علمي علوم,صيدلة المنيا,Pharmacy Minya,370.0,90.24,"Chemical precision, memorizing drug compositions, patient communication, understanding drug interactions"
Scientific - Science Track,علمي علوم,صيدلة حلوان,Pharmacy Helwan,369.0,90.0,"Chemical precision, memorizing drug compositions, patient communication, understanding drug interactions"
Scientific - Science Track,علمي علوم,صيدلة بني سويف,Pharmacy Beni Suef,369.0,90.0,"Chemical precision, memorizing drug compositions, patient communication, understanding drug interactions"
Scientific - Science Track,علمي علوم,صيدلة الفيوم,Pharmacy Fayoum,369.0,90.0,"Chemical precision, memorizing drug compositions, patient communication, understanding drug interactions"
Scientific - Science Track,علمي علوم,صيدلة ج الوادي الجديد,Pharmacy Wadi New,369.0,90.0,"Chemical precision, memorizing drug compositions, patient communication, understanding drug interactions"
Scientific - Science Track,علمي علوم,حاسبات ومعلومات سوهاج,Computers and Information Sohag,367.0,89.51,"Programming logic, discrete math, problem solving, technical English"
Scientific - Science Track,علمي علوم,الذكاء الاصطناعى كفر الشيخ,Intelligence Artificial (Intelligence) Kafr Sheikh,366.0,89.27,"Programming (Python), math and statistics, machine learning, logical problem solving"
Scientific - Science Track,علمي علوم,هندسة القاهرة,Engineering Cairo,366.0,89.27,"Strong math and physics, engineering design thinking, calculation precision, later AutoCAD and simulation software"
Scientific - Science Track,علمي علوم,حاسبات ومعلومات المنصورة,Computers and Information Mansoura,366.0,89.27,"Programming logic, discrete math, problem solving, technical English"
Scientific - Science Track,علمي علوم,هندسة المنصورة,Engineering Mansoura,366.0,89.27,"Strong math and physics, engineering design thinking, calculation precision, later AutoCAD and simulation software"
Scientific - Science Track,علمي علوم,طب بيطري المنصورة,Medicine Veterinary Mansoura,365.0,89.02,"Love of animals, anatomical/biological understanding, patience, fieldwork ability"
Scientific - Science Track,علمي علوم,حاسبات ومعلومات قنا,Computers and Information Qena,365.0,89.02,"Programming logic, discrete math, problem solving, technical English"
Scientific - Science Track,علمي علوم,حاسبات و علوم البيانات الإسكندرية,Computers and Science Data Alexandria,365.0,89.02,"Programming logic, discrete math, problem solving, technical English"
Scientific - Science Track,علمي علوم,علوم البترول والتعدين مطروح,Science Petroleum and Mining Matrouh,365.0,89.02,"Advanced chemistry and physics, geological analysis, fieldwork"
Scientific - Science Track,علمي علوم,طب بيطري سوهاج,Medicine Veterinary Sohag,364.0,88.78,"Love of animals, anatomical/biological understanding, patience, fieldwork ability"
Scientific - Science Track,علمي علوم,هندسة الزقازيق,Engineering Zagazig,363.0,88.54,"Strong math and physics, engineering design thinking, calculation precision, later AutoCAD and simulation software"
Scientific - Science Track,علمي علوم,طب بيطري الزقازيق,Medicine Veterinary Zagazig,363.0,88.54,"Love of animals, anatomical/biological understanding, patience, fieldwork ability"
Scientific - Science Track,علمي علوم,حاسبات ومعلومات أسيوط,Computers and Information Asyut,363.0,88.54,"Programming logic, discrete math, problem solving, technical English"
Scientific - Science Track,علمي علوم,حاسبات ومعلومات كفر الشيخ,Computers and Information Kafr Sheikh,363.0,88.54,"Programming logic, discrete math, problem solving, technical English"
Scientific - Science Track,علمي علوم,طب بيطري كفر الشيخ,Medicine Veterinary Kafr Sheikh,363.0,88.54,"Love of animals, anatomical/biological understanding, patience, fieldwork ability"
Scientific - Science Track,علمي علوم,طب بيطري عين شمس,Medicine Veterinary Ain Shams,363.0,88.54,"Love of animals, anatomical/biological understanding, patience, fieldwork ability"
Scientific - Science Track,علمي علوم,حاسبات ومعلومات دمياط,Computers and Information Damietta,363.0,88.54,"Programming logic, discrete math, problem solving, technical English"
Scientific - Science Track,علمي علوم,حاسبات ومعلومات طنطا,Computers and Information Tanta,362.0,88.29,"Programming logic, discrete math, problem solving, technical English"
Scientific - Science Track,علمي علوم,هندسة دمياط,Engineering Damietta,362.0,88.29,"Strong math and physics, engineering design thinking, calculation precision, later AutoCAD and simulation software"
Scientific - Science Track,علمي علوم,حاسبات و ذكاء إصطناعي القاهرة,Computers and Intelligence Artificial (Intelligence) Cairo,362.0,88.29,"Programming (Python), math and statistics, machine learning, logical problem solving"
Scientific - Science Track,علمي علوم,حاسبات ومعلومات المنيا,Computers and Information Minya,362.0,88.29,"Programming logic, discrete math, problem solving, technical English"
Scientific - Science Track,علمي علوم,حاسبات ومعلومات قناة السويس بالإسماعيلية,Computers and Information Canal Suez in Ismailia,362.0,88.29,"Programming logic, discrete math, problem solving, technical English"
Scientific - Science Track,علمي علوم,حاسبات ومعلومات الزقازيق,Computers and Information Zagazig,362.0,88.29,"Programming logic, discrete math, problem solving, technical English"
Scientific - Science Track,علمي علوم,طب بيطري المنوفية,Medicine Veterinary Menoufia,362.0,88.29,"Love of animals, anatomical/biological understanding, patience, fieldwork ability"
Scientific - Science Track,علمي علوم,طب بيطري دمنهور,Medicine Veterinary Damanhour,362.0,88.29,"Love of animals, anatomical/biological understanding, patience, fieldwork ability"
Scientific - Science Track,علمي علوم,هندسة قناة السويس بالإسماعيلية,Engineering Canal Suez in Ismailia,362.0,88.29,"Strong math and physics, engineering design thinking, calculation precision, later AutoCAD and simulation software"
Scientific - Science Track,علمي علوم,طب بيطري الإسكندرية,Medicine Veterinary Alexandria,361.0,88.05,"Love of animals, anatomical/biological understanding, patience, fieldwork ability"
Scientific - Science Track,علمي علوم,هندسة عين شمس,Engineering Ain Shams,361.0,88.05,"Strong math and physics, engineering design thinking, calculation precision, later AutoCAD and simulation software"
Scientific - Science Track,علمي علوم,طب بيطري أسيوط,Medicine Veterinary Asyut,361.0,88.05,"Love of animals, anatomical/biological understanding, patience, fieldwork ability"
Scientific - Science Track,علمي علوم,حاسبات ومعلومات الأقصر,Computers and Information Luxor,361.0,88.05,"Programming logic, discrete math, problem solving, technical English"
Scientific - Science Track,علمي علوم,حاسبات ومعلومات عين شمس,Computers and Information Ain Shams,361.0,88.05,"Programming logic, discrete math, problem solving, technical English"
Scientific - Science Track,علمي علوم,حاسبات وذكاء اصطناعي السادات,Computers and (Artificial) Intelligence Artificial (Intelligence) Sadat,361.0,88.05,"Programming logic, discrete math, problem solving, technical English"
Scientific - Science Track,علمي علوم,حاسبات ومعلومات بني سويف,Computers and Information Beni Suef,360.0,87.8,"Programming logic, discrete math, problem solving, technical English"
Scientific - Science Track,علمي علوم,ذكاء إصطناعي المنوفية شبين الكوم,Intelligence Artificial (Intelligence) Menoufia Shebin Kom,360.0,87.8,"Programming (Python), math and statistics, machine learning, logical problem solving"
Scientific - Science Track,علمي علوم,طب بيطري بنها,Medicine Veterinary Banha,360.0,87.8,"Love of animals, anatomical/biological understanding, patience, fieldwork ability"
Scientific - Science Track,علمي علوم,طب بيطري جنوب الوادي,Medicine Veterinary South Wadi,360.0,87.8,"Love of animals, anatomical/biological understanding, patience, fieldwork ability"
Scientific - Science Track,علمي علوم,حاسبات و ذكاء إصطناعي بنها,Computers and Intelligence Artificial (Intelligence) Banha,360.0,87.8,"Programming (Python), math and statistics, machine learning, logical problem solving"
Scientific - Science Track,علمي علوم,طب بيطري القاهرة,Medicine Veterinary Cairo,360.0,87.8,"Love of animals, anatomical/biological understanding, patience, fieldwork ability"
Scientific - Science Track,علمي علوم,طب بيطري المنيا,Medicine Veterinary Minya,359.0,87.56,"Love of animals, anatomical/biological understanding, patience, fieldwork ability"
Scientific - Science Track,علمي علوم,هندسة بور سعيد,Engineering Port Said,359.0,87.56,"Strong math and physics, engineering design thinking, calculation precision, later AutoCAD and simulation software"
Scientific - Science Track,علمي علوم,حاسبات ومعلومات المنوفية بشبين الكوم,Computers and Information Menoufia in Shebin Kom,359.0,87.56,"Programming logic, discrete math, problem solving, technical English"
Scientific - Science Track,علمي علوم,حاسبات ومعلومات السويس,Computers and Information Suez,359.0,87.56,"Programming logic, discrete math, problem solving, technical English"
Scientific - Science Track,علمي علوم,حاسبات و ذكاء إصطناعي جنوب الوادي فرع الغردقة,Computers and Intelligence Artificial (Intelligence) South Wadi Branch Hurghada,359.0,87.56,"Programming (Python), math and statistics, machine learning, logical problem solving"
Scientific - Science Track,علمي علوم,حاسبات ومعلومات الفيوم,Computers and Information Fayoum,358.0,87.32,"Programming logic, discrete math, problem solving, technical English"
Scientific - Science Track,علمي علوم,حاسبات و ذكاء إصطناعي حلوان,Computers and Intelligence Artificial (Intelligence) Helwan,358.0,87.32,"Programming (Python), math and statistics, machine learning, logical problem solving"
Scientific - Science Track,علمي علوم,طب بيطري قناة السويس بالإسماعيلية,Medicine Veterinary Canal Suez in Ismailia,358.0,87.32,"Love of animals, anatomical/biological understanding, patience, fieldwork ability"
Scientific - Science Track,علمي علوم,طب بيطري مدينة السادات,Medicine Veterinary City of Sadat,358.0,87.32,"Love of animals, anatomical/biological understanding, patience, fieldwork ability"
Scientific - Science Track,علمي علوم,هندسة طنطا,Engineering Tanta,358.0,87.32,"Strong math and physics, engineering design thinking, calculation precision, later AutoCAD and simulation software"
Scientific - Science Track,علمي علوم,طب بيطري بني سويف,Medicine Veterinary Beni Suef,357.0,87.07,"Love of animals, anatomical/biological understanding, patience, fieldwork ability"
Scientific - Science Track,علمي علوم,حاسبات و معلومات العريش,Computers and Information Al-Arish,357.0,87.07,"Programming logic, discrete math, problem solving, technical English"
Scientific - Science Track,علمي علوم,حاسبات وذكاء اصطناعي مطروح,Computers and (Artificial) Intelligence Artificial (Intelligence) Matrouh,357.0,87.07,"Programming logic, discrete math, problem solving, technical English"
Scientific - Science Track,علمي علوم,طب بيطري أسوان,Medicine Veterinary Aswan,357.0,87.07,"Love of animals, anatomical/biological understanding, patience, fieldwork ability"
Scientific - Science Track,علمي علوم,طب بيطري مطروح,Medicine Veterinary Matrouh,357.0,87.07,"Love of animals, anatomical/biological understanding, patience, fieldwork ability"
Scientific - Science Track,علمي علوم,طب بيطري الوادي الجديد,Medicine Veterinary Wadi New,356.0,86.83,"Love of animals, anatomical/biological understanding, patience, fieldwork ability"
Scientific - Science Track,علمي علوم,طب بيطري العريش,Medicine Veterinary Al-Arish,356.0,86.83,"Love of animals, anatomical/biological understanding, patience, fieldwork ability"
Scientific - Science Track,علمي علوم,هندسة كفر الشيخ,Engineering Kafr Sheikh,355.0,86.59,"Strong math and physics, engineering design thinking, calculation precision, later AutoCAD and simulation software"
Scientific - Science Track,علمي علوم,ألسن كفر الشيخ,Al-Alsun (Languages) Kafr Sheikh,355.0,86.59,"Fluency in foreign languages, translation, strong linguistic memory"
Scientific - Science Track,علمي علوم,هندسة إلكترونية المنوفية بمنوف,Engineering Electronic Menoufia in Menouf,354.0,86.34,"Math and physics, embedded systems programming, circuit analysis"
Scientific - Science Track,علمي علوم,تكنولوجيا العلوم الصحية التطبيقية المنوفية,Technology Science Health Applied Menoufia,354.0,86.34,"High focus and memorization, empathy and human communication, stress tolerance, reading scientific research in English"
Scientific - Science Track,علمي علوم,هندسة المنوفية بشبين الكوم,Engineering Menoufia in Shebin Kom,354.0,86.34,"Strong math and physics, engineering design thinking, calculation precision, later AutoCAD and simulation software"
Scientific - Science Track,علمي علوم,هندسة دمنهور,Engineering Damanhour,354.0,86.34,"Strong math and physics, engineering design thinking, calculation precision, later AutoCAD and simulation software"
Scientific - Science Track,علمي علوم,هندسة بنها بشبرا,Engineering Banha in Shubra,353.0,86.1,"Strong math and physics, engineering design thinking, calculation precision, later AutoCAD and simulation software"
Scientific - Science Track,علمي علوم,هندسة بنها,Engineering Banha,353.0,86.1,"Strong math and physics, engineering design thinking, calculation precision, later AutoCAD and simulation software"
Scientific - Science Track,علمي علوم,هندسة الإسكندرية,Engineering Alexandria,353.0,86.1,"Strong math and physics, engineering design thinking, calculation precision, later AutoCAD and simulation software"
Scientific - Science Track,علمي علوم,علوم سوهاج,Science Sohag,352.0,85.85,"Analytical scientific thinking, math/chemistry/physics depending on department, scientific research"
Scientific - Science Track,علمي علوم,اقتصاد و علوم سياسية القاهرة,Economics and Science Political Cairo,352.0,85.85,"Analytical scientific thinking, math/chemistry/physics depending on department, scientific research"
Scientific - Science Track,علمي علوم,هندسة السويس,Engineering Suez,352.0,85.85,"Strong math and physics, engineering design thinking, calculation precision, later AutoCAD and simulation software"
Scientific - Science Track,علمي علوم,هندسة حلوان,Engineering Helwan,352.0,85.85,"Strong math and physics, engineering design thinking, calculation precision, later AutoCAD and simulation software"
Scientific - Science Track,علمي علوم,تكنولوجيا العلوم الصحية التطبيقية بني سويف,Technology Science Health Applied Beni Suef,351.0,85.61,"High focus and memorization, empathy and human communication, stress tolerance, reading scientific research in English"
Scientific - Science Track,علمي علوم,تمريض بور سعيد,Nursing Port Said,351.0,85.61,"Humane caregiving, tolerance for physical/psychological stress, precision in following medical instructions"
Scientific - Science Track,علمي علوم,هندسة حلوان بالمطرية,Engineering Helwan in Al-Matariya,350.0,85.37,"Strong math and physics, engineering design thinking, calculation precision, later AutoCAD and simulation software"
Scientific - Science Track,علمي علوم,هندسة سوهاج,Engineering Sohag,350.0,85.37,"Strong math and physics, engineering design thinking, calculation precision, later AutoCAD and simulation software"
Scientific - Science Track,علمي علوم,الملاحة وتكنولوجيا الفضاء بني سويف,Navigation and Technology Space Beni Suef,350.0,85.37,"Applied technical skills depending on specialization, practical problem solving"
Scientific - Science Track,علمي علوم,علوم دمنهور,Science Damanhour,349.0,85.12,"Analytical scientific thinking, math/chemistry/physics depending on department, scientific research"
Scientific - Science Track,علمي علوم,ألسن قناة السويس بالإسماعيلية,Al-Alsun (Languages) Canal Suez in Ismailia,349.0,85.12,"Fluency in foreign languages, translation, strong linguistic memory"
Scientific - Science Track,علمي علوم,هندسة الفيوم,Engineering Fayoum,348.0,84.88,"Strong math and physics, engineering design thinking, calculation precision, later AutoCAD and simulation software"
Scientific - Science Track,علمي علوم,علوم الزقازيق,Science Zagazig,347.0,84.63,"Analytical scientific thinking, math/chemistry/physics depending on department, scientific research"
Scientific - Science Track,علمي علوم,علوم كفر الشيخ,Science Kafr Sheikh,347.0,84.63,"Analytical scientific thinking, math/chemistry/physics depending on department, scientific research"
Scientific - Science Track,علمي علوم,هندسة أسوان,Engineering Aswan,347.0,84.63,"Strong math and physics, engineering design thinking, calculation precision, later AutoCAD and simulation software"
Scientific - Science Track,علمي علوم,تمريض المنصورة,Nursing Mansoura,347.0,84.63,"Humane caregiving, tolerance for physical/psychological stress, precision in following medical instructions"
Scientific - Science Track,علمي علوم,معهد فني صحى المنصوره,Institute Technical Health Mansoura,346.0,84.39,"Applied lab/technical skills, precision in tests and health procedures"
Scientific - Science Track,علمي علوم,هندسة بني سويف,Engineering Beni Suef,346.0,84.39,"Strong math and physics, engineering design thinking, calculation precision, later AutoCAD and simulation software"
Scientific - Science Track,علمي علوم,الدراسات الاقتصادية و العلوم السياسة الإسكندرية,Studies Economic and Science Political Alexandria,346.0,84.39,"Analytical scientific thinking, math/chemistry/physics depending on department, scientific research"
Scientific - Science Track,علمي علوم,علوم المنصورة,Science Mansoura,346.0,84.39,"Analytical scientific thinking, math/chemistry/physics depending on department, scientific research"
Scientific - Science Track,علمي علوم,علوم القاهرة,Science Cairo,346.0,84.39,"Analytical scientific thinking, math/chemistry/physics depending on department, scientific research"
Scientific - Science Track,علمي علوم,علوم جنوب الوادي,Science South Wadi,346.0,84.39,"Analytical scientific thinking, math/chemistry/physics depending on department, scientific research"
Scientific - Science Track,علمي علوم,علوم الإسكندرية,Science Alexandria,345.0,84.15,"Analytical scientific thinking, math/chemistry/physics depending on department, scientific research"
Scientific - Science Track,علمي علوم,علوم أسيوط,Science Asyut,345.0,84.15,"Analytical scientific thinking, math/chemistry/physics depending on department, scientific research"
Scientific - Science Track,علمي علوم,هندسة المنيا,Engineering Minya,345.0,84.15,"Strong math and physics, engineering design thinking, calculation precision, later AutoCAD and simulation software"
Scientific - Science Track,علمي علوم,هندسة جنوب الوادي,Engineering South Wadi,344.0,83.9,"Strong math and physics, engineering design thinking, calculation precision, later AutoCAD and simulation software"
Scientific - Science Track,علمي علوم,هندسة أسيوط,Engineering Asyut,344.0,83.9,"Strong math and physics, engineering design thinking, calculation precision, later AutoCAD and simulation software"
Scientific - Science Track,علمي علوم,تمريض طنطا,Nursing Tanta,344.0,83.9,"Humane caregiving, tolerance for physical/psychological stress, precision in following medical instructions"
Scientific - Science Track,علمي علوم,علوم طنطا,Science Tanta,343.0,83.66,"Analytical scientific thinking, math/chemistry/physics depending on department, scientific research"
Scientific - Science Track,علمي علوم,سياسة واقتصاد السويس,Politics and Economics Suez,343.0,83.66,"Critical analysis, academic writing, economic/political understanding"
Scientific - Science Track,علمي علوم,هندسة الطاقة أسوان,Engineering Energy Aswan,343.0,83.66,"Strong math and physics, engineering design thinking, calculation precision, later AutoCAD and simulation software"
Scientific - Science Track,علمي علوم,علوم بنها,Science Banha,343.0,83.66,"Analytical scientific thinking, math/chemistry/physics depending on department, scientific research"
Scientific - Science Track,علمي علوم,معهد فني صحى طنطا,Institute Technical Health Tanta,342.0,83.41,"Applied lab/technical skills, precision in tests and health procedures"
Scientific - Science Track,علمي علوم,علوم المنيا,Science Minya,342.0,83.41,"Analytical scientific thinking, math/chemistry/physics depending on department, scientific research"
Scientific - Science Track,علمي علوم,علوم عين شمس,Science Ain Shams,342.0,83.41,"Analytical scientific thinking, math/chemistry/physics depending on department, scientific research"
Scientific - Science Track,علمي علوم,سياسة واقتصاد بني سويف,Politics and Economics Beni Suef,342.0,83.41,"Critical analysis, academic writing, economic/political understanding"
Scientific - Science Track,علمي علوم,علوم بور سعيد,Science Port Said,341.0,83.17,"Analytical scientific thinking, math/chemistry/physics depending on department, scientific research"
Scientific - Science Track,علمي علوم,علوم دمياط,Science Damietta,341.0,83.17,"Analytical scientific thinking, math/chemistry/physics depending on department, scientific research"
Scientific - Science Track,علمي علوم,علوم المنوفية بشبين الكوم,Science Menoufia in Shebin Kom,341.0,83.17,"Analytical scientific thinking, math/chemistry/physics depending on department, scientific research"
Scientific - Science Track,علمي علوم,علوم قناة السويس بالإسماعيلية,Science Canal Suez in Ismailia,341.0,83.17,"Analytical scientific thinking, math/chemistry/physics depending on department, scientific research"
Scientific - Science Track,علمي علوم,معهد فني صحى الزقازيق,Institute Technical Health Zagazig,340.0,82.93,"Applied lab/technical skills, precision in tests and health procedures"
Scientific - Science Track,علمي علوم,علوم الفيوم,Science Fayoum,340.0,82.93,"Analytical scientific thinking, math/chemistry/physics depending on department, scientific research"
Scientific - Science Track,علمي علوم,علوم أسوان,Science Aswan,340.0,82.93,"Analytical scientific thinking, math/chemistry/physics depending on department, scientific research"
Scientific - Science Track,علمي علوم,تمريض دمياط,Nursing Damietta,340.0,82.93,"Humane caregiving, tolerance for physical/psychological stress, precision in following medical instructions"
Scientific - Science Track,علمي علوم,علوم بني سويف,Science Beni Suef,339.0,82.68,"Analytical scientific thinking, math/chemistry/physics depending on department, scientific research"
Scientific - Science Track,علمي علوم,علوم السويس,Science Suez,339.0,82.68,"Analytical scientific thinking, math/chemistry/physics depending on department, scientific research"
Scientific - Science Track,علمي علوم,تخطيط عمراني القاهرة,Planning Urban Cairo,339.0,82.68,"Spatial design, drafting software (CAD/GIS), creative organizational thinking"
Scientific - Science Track,علمي علوم,علوم حلوان,Science Helwan,339.0,82.68,"Analytical scientific thinking, math/chemistry/physics depending on department, scientific research"
Scientific - Science Track,علمي علوم,علوم العريش,Science Al-Arish,338.0,82.44,"Analytical scientific thinking, math/chemistry/physics depending on department, scientific research"
Scientific - Science Track,علمي علوم,ألسن عين شمس,Al-Alsun (Languages) Ain Shams,338.0,82.44,"Fluency in foreign languages, translation, strong linguistic memory"
Scientific - Science Track,علمي علوم,علوم بنات عين شمس,Science Girls Ain Shams,338.0,82.44,"Analytical scientific thinking, math/chemistry/physics depending on department, scientific research"
Scientific - Science Track,علمي علوم,علوم الوادي الجديد,Science Wadi New,338.0,82.44,"Analytical scientific thinking, math/chemistry/physics depending on department, scientific research"
Scientific - Science Track,علمي علوم,تمريض الزقازيق,Nursing Zagazig,337.0,82.2,"Humane caregiving, tolerance for physical/psychological stress, precision in following medical instructions"
Scientific - Science Track,علمي علوم,ألسن أسوان,Al-Alsun (Languages) Aswan,337.0,82.2,"Fluency in foreign languages, translation, strong linguistic memory"
Scientific - Science Track,علمي علوم,ألسن الفيوم,Al-Alsun (Languages) Fayoum,337.0,82.2,"Fluency in foreign languages, translation, strong linguistic memory"
Scientific - Science Track,علمي علوم,ألسن الأقصر,Al-Alsun (Languages) Luxor,336.0,81.95,"Fluency in foreign languages, translation, strong linguistic memory"
Scientific - Science Track,علمي علوم,الاعاقة والتأهيل الزقازيق,Disability and Rehabilitation Zagazig,336.0,81.95,"High empathy, patience, specialized communication skills, rehabilitative psychological understanding"
Scientific - Science Track,علمي علوم,ألسن بني سويف,Al-Alsun (Languages) Beni Suef,336.0,81.95,"Fluency in foreign languages, translation, strong linguistic memory"
Scientific - Science Track,علمي علوم,ألسن جنوب الوادي فرع الغردقة,Al-Alsun (Languages) South Wadi Branch Hurghada,336.0,81.95,"Fluency in foreign languages, translation, strong linguistic memory"
Scientific - Science Track,علمي علوم,ألسن سوهاج,Al-Alsun (Languages) Sohag,335.0,81.71,"Fluency in foreign languages, translation, strong linguistic memory"
Scientific - Science Track,علمي علوم,ألسن المنيا,Al-Alsun (Languages) Minya,335.0,81.71,"Fluency in foreign languages, translation, strong linguistic memory"
Scientific - Science Track,علمي علوم,تكنولوجيا الادارة ونظم المعلومات بور سعيد,Technology Management and Systems Information Port Said,334.0,81.46,"Analytical scientific thinking, math/chemistry/physics depending on department, scientific research"
Scientific - Science Track,علمي علوم,تمريض دمنهور,Nursing Damanhour,334.0,81.46,"Humane caregiving, tolerance for physical/psychological stress, precision in following medical instructions"
Scientific - Science Track,علمي علوم,علوم البترول والتعدين مطروح,Science Petroleum and Mining Matrouh,333.0,81.22,"Advanced chemistry and physics, geological analysis, fieldwork"
Scientific - Science Track,علمي علوم,علوم الارض بني سويف,Science Earth (Sciences) Beni Suef,332.0,80.98,"Analytical scientific thinking, math/chemistry/physics depending on department, scientific research"
Scientific - Science Track,علمي علوم,تمريض المنوفية بشبين الكوم,Nursing Menoufia in Shebin Kom,332.0,80.98,"Humane caregiving, tolerance for physical/psychological stress, precision in following medical instructions"
Scientific - Science Track,علمي علوم,الاعاقة والتأهيل بني سويف,Disability and Rehabilitation Beni Suef,331.0,80.73,"High empathy, patience, specialized communication skills, rehabilitative psychological understanding"
Scientific - Science Track,علمي علوم,فنون تطبيقية بنها,Arts (Fine) Applied Banha,331.0,80.73,"High focus and memorization, empathy and human communication, stress tolerance, reading scientific research in English"
Scientific - Science Track,علمي علوم,آثار دمياط,Archaeology Damietta,328.0,80.0,"Historical preservation, linguistic/historical analysis, research patience, sometimes ancient languages"
Scientific - Science Track,علمي علوم,علوم ثروة سمكية و مصايد كفر الشيخ,Science Wealth/Resources Fish (Fisheries) and Fisheries Kafr Sheikh,328.0,80.0,"Analytical scientific thinking, math/chemistry/physics depending on department, scientific research"
Scientific - Science Track,علمي علوم,فنون تطبيقية حلوان,Arts (Fine) Applied Helwan,327.0,79.76,"High focus and memorization, empathy and human communication, stress tolerance, reading scientific research in English"
Scientific - Science Track,علمي علوم,تربية الزقازيق,Education Zagazig,325.0,79.27,"Teaching and communication skills, patience, basic educational psychology understanding"
Scientific - Science Track,علمي علوم,تربية المنصورة,Education Mansoura,324.0,79.02,"Teaching and communication skills, patience, basic educational psychology understanding"
Scientific - Science Track,علمي علوم,آثار القاهرة,Archaeology Cairo,324.0,79.02,"Historical preservation, linguistic/historical analysis, research patience, sometimes ancient languages"
Scientific - Science Track,علمي علوم,آثار عين شمس,Archaeology Ain Shams,324.0,79.02,"Historical preservation, linguistic/historical analysis, research patience, sometimes ancient languages"
Scientific - Science Track,علمي علوم,آثار أسوان,Archaeology Aswan,323.0,78.78,"Historical preservation, linguistic/historical analysis, research patience, sometimes ancient languages"
Scientific - Science Track,علمي علوم,تمريض بنها,Nursing Banha,323.0,78.78,"Humane caregiving, tolerance for physical/psychological stress, precision in following medical instructions"
Scientific - Science Track,علمي علوم,فنون تطبيقية دمياط,Arts (Fine) Applied Damietta,322.0,78.54,"High focus and memorization, empathy and human communication, stress tolerance, reading scientific research in English"
Scientific - Science Track,علمي علوم,تمريض كفر الشيخ,Nursing Kafr Sheikh,322.0,78.54,"Humane caregiving, tolerance for physical/psychological stress, precision in following medical instructions"
Scientific - Science Track,علمي علوم,تمريض أسيوط,Nursing Asyut,321.0,78.29,"Humane caregiving, tolerance for physical/psychological stress, precision in following medical instructions"
Scientific - Science Track,علمي علوم,آثار الأقصر,Archaeology Luxor,321.0,78.29,"Historical preservation, linguistic/historical analysis, research patience, sometimes ancient languages"
Scientific - Science Track,علمي علوم,آثار و لغات مطروح,Archaeology and Languages Matrouh,321.0,78.29,"Historical preservation, linguistic/historical analysis, research patience, sometimes ancient languages"
Scientific - Science Track,علمي علوم,الاستزراع المائي و المصايد البحرية العريش,Aquaculture Aquatic and Fisheries Marine Al-Arish,319.0,77.8,"Aquatic biology, fieldwork, natural resource management"
Scientific - Science Track,علمي علوم,آثار الفيوم,Archaeology Fayoum,318.0,77.56,"Historical preservation, linguistic/historical analysis, research patience, sometimes ancient languages"
Scientific - Science Track,علمي علوم,ألسن قناة السويس رياضة بالإسماعيلية,Al-Alsun (Languages) Canal Suez Math (track) / Sports in Ismailia,318.0,77.56,"Fluency in foreign languages, translation, strong linguistic memory"
Scientific - Science Track,علمي علوم,تربية طنطا,Education Tanta,318.0,77.56,"Teaching and communication skills, patience, basic educational psychology understanding"
Scientific - Science Track,علمي علوم,تجارة المنصورة,Commerce Mansoura,317.0,77.32,"Basic financial math, accounting, data analysis, business communication skills"
Scientific - Science Track,علمي علوم,ثروة سمكية السويس,Wealth/Resources Fish (Fisheries) Suez,317.0,77.32,"Aquatic biology, fieldwork, natural resource management"
Scientific - Science Track,علمي علوم,تمريض سوهاج,Nursing Sohag,317.0,77.32,"Humane caregiving, tolerance for physical/psychological stress, precision in following medical instructions"
Scientific - Science Track,علمي علوم,تربية بور سعيد,Education Port Said,315.0,76.83,"Teaching and communication skills, patience, basic educational psychology understanding"
Scientific - Science Track,علمي علوم,زراعة المنصورة,Agriculture Mansoura,314.0,76.59,"Biological and chemical understanding, practical fieldwork, soil/crop analysis"
Scientific - Science Track,علمي علوم,تجارة الزقازيق,Commerce Zagazig,314.0,76.59,"Basic financial math, accounting, data analysis, business communication skills"
Scientific - Science Track,علمي علوم,حقوق الزقازيق,Law Zagazig,313.0,76.34,"Logical and textual analysis, memorizing legal texts, argumentation and persuasion skills"
Scientific - Science Track,علمي علوم,فنون جميلة عمارة حلوان,Arts (Fine) Fine Architecture Helwan,313.0,76.34,"Artistic/design talent, visual creativity, drawing or architectural design skills"
Scientific - Science Track,علمي علوم,تمريض المنيا,Nursing Minya,313.0,76.34,"Humane caregiving, tolerance for physical/psychological stress, precision in following medical instructions"
Scientific - Science Track,علمي علوم,تمريض جنوب الوادي,Nursing South Wadi,312.0,76.1,"Humane caregiving, tolerance for physical/psychological stress, precision in following medical instructions"
Scientific - Science Track,علمي علوم,فنون جميلة فنون الإسكندرية,Arts (Fine) Fine Arts (Fine) Alexandria,312.0,76.1,"Artistic/design talent, visual creativity, drawing or architectural design skills"
Scientific - Science Track,علمي علوم,آثار جنوب الوادي,Archaeology South Wadi,311.0,75.85,"Historical preservation, linguistic/historical analysis, research patience, sometimes ancient languages"
Scientific - Science Track,علمي علوم,تربية تعليم ابتدائي الزقازيق,Education Education Primary Zagazig,311.0,75.85,"Teaching and communication skills, patience, basic educational psychology understanding"
Scientific - Science Track,علمي علوم,تجارة العريش,Commerce Al-Arish,311.0,75.85,"Basic financial math, accounting, data analysis, business communication skills"
Scientific - Science Track,علمي علوم,تمريض القاهرة,Nursing Cairo,311.0,75.85,"Humane caregiving, tolerance for physical/psychological stress, precision in following medical instructions"
Scientific - Science Track,علمي علوم,حقوق كفرالشيخ,Law Kafr El-Sheikh,310.0,75.61,"Logical and textual analysis, memorizing legal texts, argumentation and persuasion skills"
Scientific - Science Track,علمي علوم,تجارة كفر الشيخ,Commerce Kafr Sheikh,310.0,75.61,"Basic financial math, accounting, data analysis, business communication skills"
Scientific - Science Track,علمي علوم,آداب سوهاج,Arts (Humanities) Sohag,310.0,75.61,General analytical and communication skills (recommend checking specific department details)
Scientific - Science Track,علمي علوم,إعلام القاهرة,Mass Communication Cairo,310.0,75.61,"Writing and editing, communication, broad general knowledge, filming/editing skills depending on track"
Scientific - Science Track,علمي علوم,فنون جميلة عمارة الإسكندرية,Arts (Fine) Fine Architecture Alexandria,310.0,75.61,"Artistic/design talent, visual creativity, drawing or architectural design skills"
Scientific - Science Track,علمي علوم,زراعة القاهرة,Agriculture Cairo,310.0,75.61,"Biological and chemical understanding, practical fieldwork, soil/crop analysis"
Scientific - Science Track,علمي علوم,زراعة دمنهور,Agriculture Damanhour,310.0,75.61,"Biological and chemical understanding, practical fieldwork, soil/crop analysis"
Scientific - Science Track,علمي علوم,زراعة دمياط,Agriculture Damietta,309.0,75.37,"Biological and chemical understanding, practical fieldwork, soil/crop analysis"
Scientific - Science Track,علمي علوم,تربية تعليم ابتدائي المنصورة,Education Education Primary Mansoura,309.0,75.37,"Teaching and communication skills, patience, basic educational psychology understanding"
Scientific - Science Track,علمي علوم,تجارة دمياط,Commerce Damietta,308.0,75.12,"Basic financial math, accounting, data analysis, business communication skills"
Scientific - Science Track,علمي علوم,تربية المنوفية بشبين الكوم,Education Menoufia in Shebin Kom,307.0,74.88,"Teaching and communication skills, patience, basic educational psychology understanding"
Scientific - Science Track,علمي علوم,تربية طفولة مبكرة الزقازيق,Education Early Childhood Early Zagazig,307.0,74.88,"Educational patience, understanding child development, communication skills with children"
Scientific - Science Track,علمي علوم,تمريض قناة السويس بالإسماعيلية,Nursing Canal Suez in Ismailia,307.0,74.88,"Humane caregiving, tolerance for physical/psychological stress, precision in following medical instructions"
Scientific - Science Track,علمي علوم,تمريض عين شمس,Nursing Ain Shams,307.0,74.88,"Humane caregiving, tolerance for physical/psychological stress, precision in following medical instructions"
Scientific - Science Track,علمي علوم,تمريض مطروح,Nursing Matrouh,306.0,74.63,"Humane caregiving, tolerance for physical/psychological stress, precision in following medical instructions"
Scientific - Science Track,علمي علوم,تمريض الإسكندرية,Nursing Alexandria,306.0,74.63,"Humane caregiving, tolerance for physical/psychological stress, precision in following medical instructions"
Scientific - Science Track,علمي علوم,تربية دمنهور,Education Damanhour,306.0,74.63,"Teaching and communication skills, patience, basic educational psychology understanding"
Scientific - Science Track,علمي علوم,دار العلوم القاهرة,Dar Al-Uloom Science Cairo,306.0,74.63,"Analytical scientific thinking, math/chemistry/physics depending on department, scientific research"
Scientific - Science Track,علمي علوم,فنون جميلة عمارة المنصورة,Arts (Fine) Fine Architecture Mansoura,306.0,74.63,"Artistic/design talent, visual creativity, drawing or architectural design skills"
Scientific - Science Track,علمي علوم,تربية كفر الشيخ,Education Kafr Sheikh,304.0,74.15,"Teaching and communication skills, patience, basic educational psychology understanding"
Scientific - Science Track,علمي علوم,تجارة قناة السويس بالإسماعيلية,Commerce Canal Suez in Ismailia,303.0,73.9,"Basic financial math, accounting, data analysis, business communication skills"
Scientific - Science Track,علمي علوم,علوم المنوفية رياضة بشبين الكوم,Science Menoufia Math (track) / Sports in Shebin Kom,303.0,73.9,"Analytical scientific thinking, math/chemistry/physics depending on department, scientific research"
Scientific - Science Track,علمي علوم,تربية الإسكندرية,Education Alexandria,303.0,73.9,"Teaching and communication skills, patience, basic educational psychology understanding"
Scientific - Science Track,علمي علوم,تجارة طنطا,Commerce Tanta,303.0,73.9,"Basic financial math, accounting, data analysis, business communication skills"
Scientific - Science Track,علمي علوم,زراعة الإسكندرية,Agriculture Alexandria,302.0,73.66,"Biological and chemical understanding, practical fieldwork, soil/crop analysis"
Scientific - Science Track,علمي علوم,إعلام المنوفية,Mass Communication Menoufia,302.0,73.66,"Writing and editing, communication, broad general knowledge, filming/editing skills depending on track"
Scientific - Science Track,علمي علوم,تربية طفولة مبكرة المنصورة,Education Early Childhood Early Mansoura,301.0,73.41,"Educational patience, understanding child development, communication skills with children"
Scientific - Science Track,علمي علوم,تجارة بور سعيد,Commerce Port Said,301.0,73.41,"Basic financial math, accounting, data analysis, business communication skills"
Scientific - Science Track,علمي علوم,زراعة طنطا,Agriculture Tanta,301.0,73.41,"Biological and chemical understanding, practical fieldwork, soil/crop analysis"
Scientific - Science Track,علمي علوم,تمريض بني سويف,Nursing Beni Suef,301.0,73.41,"Humane caregiving, tolerance for physical/psychological stress, precision in following medical instructions"
Scientific - Science Track,علمي علوم,تمريض حلوان,Nursing Helwan,300.0,73.17,"Humane caregiving, tolerance for physical/psychological stress, precision in following medical instructions"
Scientific - Science Track,علمي علوم,تربية طفولة مبكرة بور سعيد,Education Early Childhood Early Port Said,300.0,73.17,"Educational patience, understanding child development, communication skills with children"
Scientific - Science Track,علمي علوم,زراعة عين شمس,Agriculture Ain Shams,300.0,73.17,"Biological and chemical understanding, practical fieldwork, soil/crop analysis"
Scientific - Science Track,علمي علوم,زراعة الزقازيق,Agriculture Zagazig,299.0,72.93,"Biological and chemical understanding, practical fieldwork, soil/crop analysis"
Scientific - Science Track,علمي علوم,تجارة بنها,Commerce Banha,299.0,72.93,"Basic financial math, accounting, data analysis, business communication skills"
Scientific - Science Track,علمي علوم,تربية بنها,Education Banha,299.0,72.93,"Teaching and communication skills, patience, basic educational psychology understanding"
Scientific - Science Track,علمي علوم,تجارة الإسكندرية,Commerce Alexandria,299.0,72.93,"Basic financial math, accounting, data analysis, business communication skills"
Scientific - Science Track,علمي علوم,تجارة دمنهور,Commerce Damanhour,299.0,72.93,"Basic financial math, accounting, data analysis, business communication skills"
Scientific - Science Track,علمي علوم,تجارة القاهرة,Commerce Cairo,299.0,72.93,"Basic financial math, accounting, data analysis, business communication skills"
Scientific - Science Track,علمي علوم,تربية عين شمس,Education Ain Shams,299.0,72.93,"Teaching and communication skills, patience, basic educational psychology understanding"
Scientific - Science Track,علمي علوم,تربية مدينة السادات,Education City of Sadat,298.0,72.68,"Teaching and communication skills, patience, basic educational psychology understanding"
Scientific - Science Track,علمي علوم,فنون جميلة عمارة المنيا,Arts (Fine) Fine Architecture Minya,298.0,72.68,"Artistic/design talent, visual creativity, drawing or architectural design skills"
Scientific - Science Track,علمي علوم,فنون جميلة فنون حلوان,Arts (Fine) Fine Arts (Fine) Helwan,298.0,72.68,"Artistic/design talent, visual creativity, drawing or architectural design skills"
Scientific - Science Track,علمي علوم,تربية المنيا,Education Minya,298.0,72.68,"Teaching and communication skills, patience, basic educational psychology understanding"
Scientific - Science Track,علمي علوم,تجارة المنوفية بشبين الكوم,Commerce Menoufia in Shebin Kom,297.0,72.44,"Basic financial math, accounting, data analysis, business communication skills"
Scientific - Science Track,علمي علوم,تجارة و إدارة أعمال حلوان,Commerce and Management Business Helwan,297.0,72.44,"Basic financial math, accounting, data analysis, business communication skills"
Scientific - Science Track,علمي علوم,تجارة سوهاج,Commerce Sohag,297.0,72.44,"Basic financial math, accounting, data analysis, business communication skills"
Scientific - Science Track,علمي علوم,علوم قناة السويس رياضة بالإسماعيلية,Science Canal Suez Math (track) / Sports in Ismailia,297.0,72.44,"Analytical scientific thinking, math/chemistry/physics depending on department, scientific research"
Scientific - Science Track,علمي علوم,فنون جميلة فنون المنصورة,Arts (Fine) Fine Arts (Fine) Mansoura,297.0,72.44,"Artistic/design talent, visual creativity, drawing or architectural design skills"
Scientific - Science Track,علمي علوم,تربية تعليم ابتدائي طنطا,Education Education Primary Tanta,297.0,72.44,"Teaching and communication skills, patience, basic educational psychology understanding"
Scientific - Science Track,علمي علوم,تجارة جنوب الوادي,Commerce South Wadi,296.0,72.2,"Basic financial math, accounting, data analysis, business communication skills"
Scientific - Science Track,علمي علوم,تجارة عين شمس,Commerce Ain Shams,296.0,72.2,"Basic financial math, accounting, data analysis, business communication skills"
Scientific - Science Track,علمي علوم,تربية تعليم ابتدائي بور سعيد,Education Education Primary Port Said,296.0,72.2,"Teaching and communication skills, patience, basic educational psychology understanding"
Scientific - Science Track,علمي علوم,فنون جميلة عمارة أسيوط,Arts (Fine) Fine Architecture Asyut,296.0,72.2,"Artistic/design talent, visual creativity, drawing or architectural design skills"
Scientific - Science Track,علمي علوم,تمريض الفيوم,Nursing Fayoum,296.0,72.2,"Humane caregiving, tolerance for physical/psychological stress, precision in following medical instructions"
Scientific - Science Track,علمي علوم,تجارة بني سويف,Commerce Beni Suef,295.0,71.95,"Basic financial math, accounting, data analysis, business communication skills"
Scientific - Science Track,علمي علوم,زراعة كفر الشيخ,Agriculture Kafr Sheikh,295.0,71.95,"Biological and chemical understanding, practical fieldwork, soil/crop analysis"
Scientific - Science Track,علمي علوم,تجارة انتساب موجه المنصورة,Commerce Affiliated (Distance Program) Mansoura,295.0,71.95,"Basic financial math, accounting, data analysis, business communication skills"
Scientific - Science Track,علمي علوم,زراعة الإسكندرية بسابا باشا,Agriculture Alexandria in Saba Basha,294.0,71.71,"Biological and chemical understanding, practical fieldwork, soil/crop analysis"
Scientific - Science Track,علمي علوم,تجارة السويس,Commerce Suez,294.0,71.71,"Basic financial math, accounting, data analysis, business communication skills"
Scientific - Science Track,علمي علوم,تجارة أسوان,Commerce Aswan,293.0,71.46,"Basic financial math, accounting, data analysis, business communication skills"
Scientific - Science Track,علمي علوم,فنون جميلة فنون المنيا,Arts (Fine) Fine Arts (Fine) Minya,293.0,71.46,"Artistic/design talent, visual creativity, drawing or architectural design skills"
Scientific - Science Track,علمي علوم,تجارة أسيوط,Commerce Asyut,293.0,71.46,"Basic financial math, accounting, data analysis, business communication skills"
Scientific - Science Track,علمي علوم,فنون جميلة فنون أسيوط,Arts (Fine) Fine Arts (Fine) Asyut,293.0,71.46,"Artistic/design talent, visual creativity, drawing or architectural design skills"
Scientific - Science Track,علمي علوم,تجارة مدينة السادات,Commerce City of Sadat,292.0,71.22,"Basic financial math, accounting, data analysis, business communication skills"
Scientific - Science Track,علمي علوم,إعلام بني سويف,Mass Communication Beni Suef,292.0,71.22,"Writing and editing, communication, broad general knowledge, filming/editing skills depending on track"
Scientific - Science Track,علمي علوم,فنون جميلة فنون الأقصر,Arts (Fine) Fine Arts (Fine) Luxor,292.0,71.22,"Artistic/design talent, visual creativity, drawing or architectural design skills"
Scientific - Science Track,علمي علوم,تربية رياضية بنين دمياط,Education Sports Boys Damietta,290.0,70.73,"Physical fitness, coaching skills, understanding of movement physiology"
Scientific - Science Track,علمي علوم,تجارة انتساب موجه الزقازيق,Commerce Affiliated (Distance Program) Zagazig,290.0,70.73,"Basic financial math, accounting, data analysis, business communication skills"
Scientific - Science Track,علمي علوم,زراعة المنوفية بشبين الكوم,Agriculture Menoufia in Shebin Kom,290.0,70.73,"Biological and chemical understanding, practical fieldwork, soil/crop analysis"
Scientific - Science Track,علمي علوم,زراعة بنها بمشتهر,Agriculture Banha in Mashtohor,289.0,70.49,"Biological and chemical understanding, practical fieldwork, soil/crop analysis"
Scientific - Science Track,علمي علوم,تربية طفولة مبكرة المنوفية,Education Early Childhood Early Menoufia,289.0,70.49,"Educational patience, understanding child development, communication skills with children"
Scientific - Science Track,علمي علوم,تربية تعليم ابتدائي كفر الشيخ,Education Education Primary Kafr Sheikh,289.0,70.49,"Teaching and communication skills, patience, basic educational psychology understanding"
Scientific - Science Track,علمي علوم,تربية طفولة كفر الشيخ,Education Early Childhood Kafr Sheikh,287.0,70.0,"Educational patience, understanding child development, communication skills with children"
Scientific - Science Track,علمي علوم,تجارة انتساب موجه دمياط,Commerce Affiliated (Distance Program) Damietta,287.0,70.0,"Basic financial math, accounting, data analysis, business communication skills"
Scientific - Science Track,علمي علوم,زراعة سوهاج,Agriculture Sohag,287.0,70.0,"Biological and chemical understanding, practical fieldwork, soil/crop analysis"
Scientific - Science Track,علمي علوم,تجارة انتساب موجه كفر الشيخ,Commerce Affiliated (Distance Program) Kafr Sheikh,287.0,70.0,"Basic financial math, accounting, data analysis, business communication skills"
Scientific - Science Track,علمي علوم,تربية سوهاج,Education Sohag,287.0,70.0,"Teaching and communication skills, patience, basic educational psychology understanding"
Scientific - Science Track,علمي علوم,العلوم الزراعية البيئية العريش,Science Agricultural Environmental Al-Arish,287.0,70.0,"Analytical scientific thinking, math/chemistry/physics depending on department, scientific research"
Scientific - Science Track,علمي علوم,تربية طفولة مبكرة أسيوط,Education Early Childhood Early Asyut,286.0,69.76,"Educational patience, understanding child development, communication skills with children"
Scientific - Science Track,علمي علوم,تربية جنوب الوادي,Education South Wadi,286.0,69.76,"Teaching and communication skills, patience, basic educational psychology understanding"
Scientific - Science Track,علمي علوم,زراعة قناة السويس بالإسماعيلية,Agriculture Canal Suez in Ismailia,286.0,69.76,"Biological and chemical understanding, practical fieldwork, soil/crop analysis"
Scientific - Science Track,علمي علوم,زراعة الفيوم,Agriculture Fayoum,285.0,69.51,"Biological and chemical understanding, practical fieldwork, soil/crop analysis"
Scientific - Science Track,علمي علوم,تربية تعليم ابتدائي المنوفية,Education Education Primary Menoufia,285.0,69.51,"Teaching and communication skills, patience, basic educational psychology understanding"
Scientific - Science Track,علمي علوم,زراعة مطروح بفوكه,Agriculture Matrouh in Foka,285.0,69.51,"Biological and chemical understanding, practical fieldwork, soil/crop analysis"
Scientific - Science Track,علمي علوم,تمريض أسوان,Nursing Aswan,284.0,69.27,"Humane caregiving, tolerance for physical/psychological stress, precision in following medical instructions"
Scientific - Science Track,علمي علوم,تربية طفولة طنطا,Education Early Childhood Tanta,284.0,69.27,"Educational patience, understanding child development, communication skills with children"
Scientific - Science Track,علمي علوم,تجارة انتساب موجه الإسكندرية,Commerce Affiliated (Distance Program) Alexandria,284.0,69.27,"Basic financial math, accounting, data analysis, business communication skills"
Scientific - Science Track,علمي علوم,تجارة انتساب موجه طنطا,Commerce Affiliated (Distance Program) Tanta,284.0,69.27,"Basic financial math, accounting, data analysis, business communication skills"
Scientific - Science Track,علمي علوم,تجارة انتساب موجه القاهرة,Commerce Affiliated (Distance Program) Cairo,283.0,69.02,"Basic financial math, accounting, data analysis, business communication skills"
Scientific - Science Track,علمي علوم,تربية الفيوم,Education Fayoum,283.0,69.02,"Teaching and communication skills, patience, basic educational psychology understanding"
Scientific - Science Track,علمي علوم,تربية جنوب الوادي بالغردقة,Education South Wadi in Hurghada,283.0,69.02,"Teaching and communication skills, patience, basic educational psychology understanding"
Scientific - Science Track,علمي علوم,تربية أسيوط,Education Asyut,282.0,68.78,"Teaching and communication skills, patience, basic educational psychology understanding"
Scientific - Science Track,علمي علوم,زراعة بني سويف,Agriculture Beni Suef,282.0,68.78,"Biological and chemical understanding, practical fieldwork, soil/crop analysis"
Scientific - Science Track,علمي علوم,تجارة انتساب موجه دمنهور,Commerce Affiliated (Distance Program) Damanhour,282.0,68.78,"Basic financial math, accounting, data analysis, business communication skills"
Scientific - Science Track,علمي علوم,تجارة انتساب موجه بور سعيد,Commerce Affiliated (Distance Program) Port Said,282.0,68.78,"Basic financial math, accounting, data analysis, business communication skills"
Scientific - Science Track,علمي علوم,تجارة انتساب موجه بنها,Commerce Affiliated (Distance Program) Banha,282.0,68.78,"Basic financial math, accounting, data analysis, business communication skills"
Scientific - Science Track,علمي علوم,تربية مطروح,Education Matrouh,281.0,68.54,"Teaching and communication skills, patience, basic educational psychology understanding"
Scientific - Science Track,علمي علوم,زراعة و موارد طبيعية أسوان,Agriculture and Resources Natural Aswan,281.0,68.54,"High focus and memorization, empathy and human communication, stress tolerance, reading scientific research in English"
Scientific - Science Track,علمي علوم,تجارة انتساب موجه عين شمس,Commerce Affiliated (Distance Program) Ain Shams,281.0,68.54,"Basic financial math, accounting, data analysis, business communication skills"
Scientific - Science Track,علمي علوم,تجارة انتساب موجه المنوفية بشبين الكوم,Commerce Affiliated (Distance Program) Menoufia in Shebin Kom,281.0,68.54,"Basic financial math, accounting, data analysis, business communication skills"
Scientific - Science Track,علمي علوم,تربية تعليم ابتدائي المنيا,Education Education Primary Minya,281.0,68.54,"Teaching and communication skills, patience, basic educational psychology understanding"
Scientific - Science Track,علمي علوم,زراعة الوادي الجديد,Agriculture Wadi New,281.0,68.54,"Biological and chemical understanding, practical fieldwork, soil/crop analysis"
Scientific - Science Track,علمي علوم,تربية تعليم ابتدائي دمنهور,Education Education Primary Damanhour,281.0,68.54,"Teaching and communication skills, patience, basic educational psychology understanding"
Scientific - Science Track,علمي علوم,حقوق المنيا,Law Minya,281.0,68.54,"Logical and textual analysis, memorizing legal texts, argumentation and persuasion skills"
Scientific - Science Track,علمي علوم,زراعة أسيوط,Agriculture Asyut,281.0,68.54,"Biological and chemical understanding, practical fieldwork, soil/crop analysis"
Scientific - Science Track,علمي علوم,زراعة جنوب الوادي,Agriculture South Wadi,280.0,68.29,"Biological and chemical understanding, practical fieldwork, soil/crop analysis"
Scientific - Science Track,علمي علوم,حقوق سوهاج,Law Sohag,280.0,68.29,"Logical and textual analysis, memorizing legal texts, argumentation and persuasion skills"
Scientific - Science Track,علمي علوم,تجارة و إدارة أعمال انتساب موجه حلوان,Commerce and Management Business Affiliated (Distance Program) Helwan,280.0,68.29,"Basic financial math, accounting, data analysis, business communication skills"
Scientific - Science Track,علمي علوم,تجارة انتساب موجه قناة السويس بالإسماعيلية,Commerce Affiliated (Distance Program) Canal Suez in Ismailia,280.0,68.29,"Basic financial math, accounting, data analysis, business communication skills"
Scientific - Science Track,علمي علوم,زراعة المنيا,Agriculture Minya,280.0,68.29,"Biological and chemical understanding, practical fieldwork, soil/crop analysis"
Scientific - Science Track,علمي علوم,إعلام جنوب الوادي,Mass Communication South Wadi,279.0,68.05,"Writing and editing, communication, broad general knowledge, filming/editing skills depending on track"
Scientific - Science Track,علمي علوم,تجارة انتساب موجه مدينة السادات,Commerce Affiliated (Distance Program) City of Sadat,278.0,67.8,"Basic financial math, accounting, data analysis, business communication skills"
Scientific - Science Track,علمي علوم,تربية تعليم ابتدائي مدينة السادات,Education Education Primary City of Sadat,278.0,67.8,"Teaching and communication skills, patience, basic educational psychology understanding"
Scientific - Science Track,علمي علوم,تربية حلوان,Education Helwan,278.0,67.8,"Teaching and communication skills, patience, basic educational psychology understanding"
Scientific - Science Track,علمي علوم,تربية قناة السويس بالإسماعيلية,Education Canal Suez in Ismailia,278.0,67.8,"Teaching and communication skills, patience, basic educational psychology understanding"
Scientific - Science Track,علمي علوم,تربية طفولة مبكرة الإسكندرية,Education Early Childhood Early Alexandria,278.0,67.8,"Educational patience, understanding child development, communication skills with children"
Scientific - Science Track,علمي علوم,تجارة انتساب موجه بني سويف,Commerce Affiliated (Distance Program) Beni Suef,278.0,67.8,"Basic financial math, accounting, data analysis, business communication skills"
Scientific - Science Track,علمي علوم,تجارة انتساب موجه أسوان,Commerce Affiliated (Distance Program) Aswan,278.0,67.8,"Basic financial math, accounting, data analysis, business communication skills"
Scientific - Science Track,علمي علوم,تجارة انتساب موجه أسيوط,Commerce Affiliated (Distance Program) Asyut,277.0,67.56,"Basic financial math, accounting, data analysis, business communication skills"
Scientific - Science Track,علمي علوم,تجارة انتساب موجه السويس,Commerce Affiliated (Distance Program) Suez,277.0,67.56,"Basic financial math, accounting, data analysis, business communication skills"
Scientific - Science Track,علمي علوم,تربية نوعية الزقازيق,Education Specific/Specialized Zagazig,277.0,67.56,"Artistic/musical/technical skills depending on specialization, practical education"
Scientific - Science Track,علمي علوم,تربية طفولة مبكرة دمنهور,Education Early Childhood Early Damanhour,277.0,67.56,"Educational patience, understanding child development, communication skills with children"
Scientific - Science Track,علمي علوم,تجارة انتساب موجه جنوب الوادي,Commerce Affiliated (Distance Program) South Wadi,277.0,67.56,"Basic financial math, accounting, data analysis, business communication skills"
Scientific - Science Track,علمي علوم,تربية المنوفية رياضة بشبين الكوم,Education Menoufia Math (track) / Sports in Shebin Kom,276.0,67.32,"Teaching and communication skills, patience, basic educational psychology understanding"
Scientific - Science Track,علمي علوم,تربية تعليم ابتدائي الإسكندرية,Education Education Primary Alexandria,276.0,67.32,"Teaching and communication skills, patience, basic educational psychology understanding"
Scientific - Science Track,علمي علوم,تجارة انتساب موجه العريش,Commerce Affiliated (Distance Program) Al-Arish,276.0,67.32,"Basic financial math, accounting, data analysis, business communication skills"
Scientific - Science Track,علمي علوم,تجارة انتساب موجه سوهاج,Commerce Affiliated (Distance Program) Sohag,276.0,67.32,"Basic financial math, accounting, data analysis, business communication skills"
Scientific - Science Track,علمي علوم,تربية السويس,Education Suez,276.0,67.32,"Teaching and communication skills, patience, basic educational psychology understanding"
Scientific - Science Track,علمي علوم,حقوق دمياط,Law Damietta,275.0,67.07,"Logical and textual analysis, memorizing legal texts, argumentation and persuasion skills"
Scientific - Science Track,علمي علوم,تربية طفولة مبكرة مدينة السادات,Education Early Childhood Early City of Sadat,275.0,67.07,"Educational patience, understanding child development, communication skills with children"
Scientific - Science Track,علمي علوم,دار العلوم الفيوم,Dar Al-Uloom Science Fayoum,275.0,67.07,"Analytical scientific thinking, math/chemistry/physics depending on department, scientific research"
Scientific - Science Track,علمي علوم,تربية بنات عين شمس,Education Girls Ain Shams,274.0,66.83,"Teaching and communication skills, patience, basic educational psychology understanding"
Scientific - Science Track,علمي علوم,تربية طفولة مبكرة القاهرة,Education Early Childhood Early Cairo,273.0,66.59,"Educational patience, understanding child development, communication skills with children"
Scientific - Science Track,علمي علوم,تربية نوعية طنطا,Education Specific/Specialized Tanta,273.0,66.59,"Artistic/musical/technical skills depending on specialization, practical education"
Scientific - Science Track,علمي علوم,آداب القاهرة,Arts (Humanities) Cairo,273.0,66.59,General analytical and communication skills (recommend checking specific department details)
Scientific - Science Track,علمي علوم,تربية نوعية كفر الشيخ,Education Specific/Specialized Kafr Sheikh,273.0,66.59,"Artistic/musical/technical skills depending on specialization, practical education"
Scientific - Science Track,علمي علوم,تربية طفولة مبكرة الفيوم,Education Early Childhood Early Fayoum,272.0,66.34,"Educational patience, understanding child development, communication skills with children"
Scientific - Science Track,علمي علوم,تربية تعليم ابتدائي بنها,Education Education Primary Banha,272.0,66.34,"Teaching and communication skills, patience, basic educational psychology understanding"
Scientific - Science Track,علمي علوم,حقوق انتساب موجه الزقازيق,Law Affiliated (Distance Program) Zagazig,272.0,66.34,"Logical and textual analysis, memorizing legal texts, argumentation and persuasion skills"
Scientific - Science Track,علمي علوم,دار العلوم أسوان,Dar Al-Uloom Science Aswan,271.0,66.1,"Analytical scientific thinking, math/chemistry/physics depending on department, scientific research"
Scientific - Science Track,علمي علوم,تربية الوادي الجديد,Education Wadi New,271.0,66.1,"Teaching and communication skills, patience, basic educational psychology understanding"
Scientific - Science Track,علمي علوم,آداب المنصورة,Arts (Humanities) Mansoura,271.0,66.1,General analytical and communication skills (recommend checking specific department details)
Scientific - Science Track,علمي علوم,تربية بني سويف,Education Beni Suef,270.0,65.85,"Teaching and communication skills, patience, basic educational psychology understanding"
Scientific - Science Track,علمي علوم,تربية طفولة مبكرة المنيا,Education Early Childhood Early Minya,270.0,65.85,"Educational patience, understanding child development, communication skills with children"
Scientific - Science Track,علمي علوم,تربية طفولة مبكرة مطروح,Education Early Childhood Early Matrouh,270.0,65.85,"Educational patience, understanding child development, communication skills with children"
Scientific - Science Track,علمي علوم,تربية العريش,Education Al-Arish,269.0,65.61,"Teaching and communication skills, patience, basic educational psychology understanding"
Scientific - Science Track,علمي علوم,تربية تعليم ابتدائي عين شمس,Education Education Primary Ain Shams,269.0,65.61,"Teaching and communication skills, patience, basic educational psychology understanding"
Scientific - Science Track,علمي علوم,دار العلوم المنيا,Dar Al-Uloom Science Minya,269.0,65.61,"Analytical scientific thinking, math/chemistry/physics depending on department, scientific research"
Scientific - Science Track,علمي علوم,تربية طفولة مبكرة بني سويف,Education Early Childhood Early Beni Suef,268.0,65.37,"Educational patience, understanding child development, communication skills with children"
Scientific - Science Track,علمي علوم,تربية تعليم ابتدائي أسيوط,Education Education Primary Asyut,268.0,65.37,"Teaching and communication skills, patience, basic educational psychology understanding"
Scientific - Science Track,علمي علوم,تربية نوعية الإسكندرية,Education Specific/Specialized Alexandria,267.0,65.12,"Artistic/musical/technical skills depending on specialization, practical education"
Scientific - Science Track,علمي علوم,تربية نوعية المنصورة,Education Specific/Specialized Mansoura,267.0,65.12,"Artistic/musical/technical skills depending on specialization, practical education"
Scientific - Science Track,علمي علوم,آداب الزقازيق,Arts (Humanities) Zagazig,267.0,65.12,General analytical and communication skills (recommend checking specific department details)
Scientific - Science Track,علمي علوم,حقوق انتساب موجه كفر الشيخ,Law Affiliated (Distance Program) Kafr Sheikh,266.0,64.88,"Logical and textual analysis, memorizing legal texts, argumentation and persuasion skills"
Scientific - Science Track,علمي علوم,تربية طفولة الإسكندرية,Education Early Childhood Alexandria,265.0,64.63,"Educational patience, understanding child development, communication skills with children"
Scientific - Science Track,علمي علوم,زراعة المنوفية رياضة بشبين الكوم,Agriculture Menoufia Math (track) / Sports in Shebin Kom,264.0,64.39,"Biological and chemical understanding, practical fieldwork, soil/crop analysis"
Scientific - Science Track,علمي علوم,تربية طفولة دمنهور,Education Early Childhood Damanhour,264.0,64.39,"Educational patience, understanding child development, communication skills with children"
Scientific - Science Track,علمي علوم,تربية نوعية المنيا,Education Specific/Specialized Minya,264.0,64.39,"Artistic/musical/technical skills depending on specialization, practical education"
Scientific - Science Track,علمي علوم,آداب بنها,Arts (Humanities) Banha,263.0,64.15,General analytical and communication skills (recommend checking specific department details)
Scientific - Science Track,علمي علوم,زراعة بنها رياضة بمشتهر,Agriculture Banha Math (track) / Sports in Mashtohor,263.0,64.15,"Biological and chemical understanding, practical fieldwork, soil/crop analysis"
Scientific - Science Track,علمي علوم,حقوق الإسكندرية,Law Alexandria,261.0,63.66,"Logical and textual analysis, memorizing legal texts, argumentation and persuasion skills"
Scientific - Science Track,علمي علوم,زراعة قناة السويس رياضة بالإسماعيلية,Agriculture Canal Suez Math (track) / Sports in Ismailia,261.0,63.66,"Biological and chemical understanding, practical fieldwork, soil/crop analysis"
Scientific - Science Track,علمي علوم,تربية تعليم ابتدائي حلوان,Education Education Primary Helwan,260.0,63.41,"Teaching and communication skills, patience, basic educational psychology understanding"
Scientific - Science Track,علمي علوم,حقوق القاهرة,Law Cairo,260.0,63.41,"Logical and textual analysis, memorizing legal texts, argumentation and persuasion skills"
Scientific - Science Track,علمي علوم,تربية تعليم ابتدائي بنات عين شمس,Education Education Primary Girls Ain Shams,260.0,63.41,"Teaching and communication skills, patience, basic educational psychology understanding"
Scientific - Science Track,علمي علوم,آداب عين شمس,Arts (Humanities) Ain Shams,259.0,63.17,General analytical and communication skills (recommend checking specific department details)
Scientific - Science Track,علمي علوم,حقوق جنوب الوادي,Law South Wadi,259.0,63.17,"Logical and textual analysis, memorizing legal texts, argumentation and persuasion skills"
Scientific - Science Track,علمي علوم,تربية تعليم ابتدائي الفيوم,Education Education Primary Fayoum,259.0,63.17,"Teaching and communication skills, patience, basic educational psychology understanding"
Scientific - Science Track,علمي علوم,سياحة وفنادق الإسكندرية,Tourism and Hotels Alexandria,258.0,62.93,"Foreign languages, hospitality and customer service, event management"
Scientific - Science Track,علمي علوم,آداب طنطا,Arts (Humanities) Tanta,258.0,62.93,General analytical and communication skills (recommend checking specific department details)
Scientific - Science Track,علمي علوم,تربية دمياط,Education Damietta,258.0,62.93,"Teaching and communication skills, patience, basic educational psychology understanding"
Scientific - Science Track,علمي علوم,حقوق بني سويف,Law Beni Suef,258.0,62.93,"Logical and textual analysis, memorizing legal texts, argumentation and persuasion skills"
Scientific - Science Track,علمي علوم,آداب بور سعيد,Arts (Humanities) Port Said,258.0,62.93,General analytical and communication skills (recommend checking specific department details)
Scientific - Science Track,علمي علوم,آداب كفر الشيخ,Arts (Humanities) Kafr Sheikh,257.0,62.68,General analytical and communication skills (recommend checking specific department details)
Scientific - Science Track,علمي علوم,آداب المنوفية بشبين الكوم,Arts (Humanities) Menoufia in Shebin Kom,257.0,62.68,General analytical and communication skills (recommend checking specific department details)
Scientific - Science Track,علمي علوم,أقتصاد منزلى العريش,Economics Home (Economics) Al-Arish,257.0,62.68,General analytical and communication skills (recommend checking specific department details)
Scientific - Science Track,علمي علوم,حقوق عين شمس,Law Ain Shams,257.0,62.68,"Logical and textual analysis, memorizing legal texts, argumentation and persuasion skills"
Scientific - Science Track,علمي علوم,تربية نوعية أسيوط,Education Specific/Specialized Asyut,255.0,62.2,"Artistic/musical/technical skills depending on specialization, practical education"
Scientific - Science Track,علمي علوم,آداب دمنهور,Arts (Humanities) Damanhour,255.0,62.2,General analytical and communication skills (recommend checking specific department details)
Scientific - Science Track,علمي علوم,حقوق الفيوم,Law Fayoum,255.0,62.2,"Logical and textual analysis, memorizing legal texts, argumentation and persuasion skills"
Scientific - Science Track,علمي علوم,حقوق المنصورة,Law Mansoura,254.0,61.95,"Logical and textual analysis, memorizing legal texts, argumentation and persuasion skills"
Scientific - Science Track,علمي علوم,آداب حلوان,Arts (Humanities) Helwan,254.0,61.95,General analytical and communication skills (recommend checking specific department details)
Scientific - Science Track,علمي علوم,حقوق أسيوط,Law Asyut,254.0,61.95,"Logical and textual analysis, memorizing legal texts, argumentation and persuasion skills"
Scientific - Science Track,علمي علوم,تربية طفولة عين شمس,Education Early Childhood Ain Shams,254.0,61.95,"Educational patience, understanding child development, communication skills with children"
Scientific - Science Track,علمي علوم,حقوق أسوان,Law Aswan,253.0,61.71,"Logical and textual analysis, memorizing legal texts, argumentation and persuasion skills"
Scientific - Science Track,علمي علوم,تربية تعليم ابتدائي جنوب الوادي,Education Education Primary South Wadi,253.0,61.71,"Teaching and communication skills, patience, basic educational psychology understanding"
Scientific - Science Track,علمي علوم,آداب و علوم إنسانية قناة السويس بالإسماعيلية,Arts (Humanities) and Science Humanities Canal Suez in Ismailia,253.0,61.71,"Analytical scientific thinking, math/chemistry/physics depending on department, scientific research"
Scientific - Science Track,علمي علوم,حقوق بنها,Law Banha,252.0,61.46,"Logical and textual analysis, memorizing legal texts, argumentation and persuasion skills"
Scientific - Science Track,علمي علوم,حقوق طنطا,Law Tanta,252.0,61.46,"Logical and textual analysis, memorizing legal texts, argumentation and persuasion skills"
Scientific - Science Track,علمي علوم,آداب انتساب موجه الإسكندرية,Arts (Humanities) Affiliated (Distance Program) Alexandria,250.0,60.98,General analytical and communication skills (recommend checking specific department details)
Scientific - Science Track,علمي علوم,أقتصاد منزلى بنات عين شمس,Economics Home (Economics) Girls Ain Shams,250.0,60.98,General analytical and communication skills (recommend checking specific department details)
Scientific - Science Track,علمي علوم,تربية نوعية القاهرة,Education Specific/Specialized Cairo,250.0,60.98,"Artistic/musical/technical skills depending on specialization, practical education"
Scientific - Science Track,علمي علوم,آداب الفيوم,Arts (Humanities) Fayoum,250.0,60.98,General analytical and communication skills (recommend checking specific department details)
Scientific - Science Track,علمي علوم,آداب و علوم إنسانية السويس,Arts (Humanities) and Science Humanities Suez,250.0,60.98,"Analytical scientific thinking, math/chemistry/physics depending on department, scientific research"
Scientific - Science Track,علمي علوم,تربية طفولة حلوان رياض أطفال,Education Early Childhood Helwan Kindergarten Children,250.0,60.98,"Educational patience, understanding child development, communication skills with children"
Scientific - Science Track,علمي علوم,آداب دمياط,Arts (Humanities) Damietta,249.0,60.73,General analytical and communication skills (recommend checking specific department details)
Scientific - Science Track,علمي علوم,آداب انتساب موجه القاهرة,Arts (Humanities) Affiliated (Distance Program) Cairo,249.0,60.73,General analytical and communication skills (recommend checking specific department details)
Scientific - Science Track,علمي علوم,آداب انتساب موجه الزقازيق,Arts (Humanities) Affiliated (Distance Program) Zagazig,249.0,60.73,General analytical and communication skills (recommend checking specific department details)
Scientific - Science Track,علمي علوم,حقوق حلوان,Law Helwan,248.0,60.49,"Logical and textual analysis, memorizing legal texts, argumentation and persuasion skills"
Scientific - Science Track,علمي علوم,تربية نوعية جنوب الوادي,Education Specific/Specialized South Wadi,248.0,60.49,"Artistic/musical/technical skills depending on specialization, practical education"
Scientific - Science Track,علمي علوم,آداب أسوان,Arts (Humanities) Aswan,248.0,60.49,General analytical and communication skills (recommend checking specific department details)
Scientific - Science Track,علمي علوم,آداب بنات عين شمس,Arts (Humanities) Girls Ain Shams,248.0,60.49,General analytical and communication skills (recommend checking specific department details)
Scientific - Science Track,علمي علوم,تربية طفولة جنوب الوادي,Education Early Childhood South Wadi,247.0,60.24,"Educational patience, understanding child development, communication skills with children"
Scientific - Science Track,علمي علوم,تربية تعليم ابتدائي بني سويف,Education Education Primary Beni Suef,247.0,60.24,"Teaching and communication skills, patience, basic educational psychology understanding"
Scientific - Science Track,علمي علوم,آداب العريش,Arts (Humanities) Al-Arish,247.0,60.24,General analytical and communication skills (recommend checking specific department details)
Scientific - Science Track,علمي علوم,حقوق المنوفية بشبين الكوم,Law Menoufia in Shebin Kom,247.0,60.24,"Logical and textual analysis, memorizing legal texts, argumentation and persuasion skills"
Scientific - Science Track,علمي علوم,سياحة وفنادق حلوان بالمنيل,Tourism and Hotels Helwan in Al-Manial,246.0,60.0,"Foreign languages, hospitality and customer service, event management"
Scientific - Science Track,علمي علوم,سياحة وفنادق الفيوم,Tourism and Hotels Fayoum,246.0,60.0,"Foreign languages, hospitality and customer service, event management"
Scientific - Science Track,علمي علوم,سياحة وفنادق مدينة السادات,Tourism and Hotels City of Sadat,246.0,60.0,"Foreign languages, hospitality and customer service, event management"
Scientific - Science Track,علمي علوم,سياحة وفنادق قناة السويس بالإسماعيلية,Tourism and Hotels Canal Suez in Ismailia,246.0,60.0,"Foreign languages, hospitality and customer service, event management"
Scientific - Science Track,علمي علوم,سياحه وفنادق الاقصر,Tourism and Hotels Luxor,246.0,60.0,General analytical and communication skills (recommend checking specific department details)
Scientific - Science Track,علمي علوم,آداب بني سويف,Arts (Humanities) Beni Suef,246.0,60.0,General analytical and communication skills (recommend checking specific department details)
Scientific - Science Track,علمي علوم,سياحة وفنادق المنصورة,Tourism and Hotels Mansoura,246.0,60.0,"Foreign languages, hospitality and customer service, event management"
Scientific - Science Track,علمي علوم,سياحة وفنادق مطروح,Tourism and Hotels Matrouh,246.0,60.0,"Foreign languages, hospitality and customer service, event management"
Scientific - Science Track,علمي علوم,سياحة وفنادق المنيا,Tourism and Hotels Minya,246.0,60.0,"Foreign languages, hospitality and customer service, event management"
Scientific - Science Track,علمي علوم,آداب المنيا,Arts (Humanities) Minya,246.0,60.0,General analytical and communication skills (recommend checking specific department details)
Scientific - Science Track,علمي علوم,حقوق مدينة السادات,Law City of Sadat,246.0,60.0,"Logical and textual analysis, memorizing legal texts, argumentation and persuasion skills"
Scientific - Science Track,علمي علوم,آداب أسيوط,Arts (Humanities) Asyut,246.0,60.0,General analytical and communication skills (recommend checking specific department details)
Scientific - Science Track,علمي علوم,سياحة وفنادق بني سويف,Tourism and Hotels Beni Suef,246.0,60.0,"Foreign languages, hospitality and customer service, event management"
Scientific - Science Track,علمي علوم,أقتصاد منزلى المنوفية بشبين الكوم,Economics Home (Economics) Menoufia in Shebin Kom,246.0,60.0,General analytical and communication skills (recommend checking specific department details)
Scientific - Science Track,علمي علوم,آداب الوادي الجديد,Arts (Humanities) Wadi New,246.0,60.0,General analytical and communication skills (recommend checking specific department details)
Scientific - Science Track,علمي علوم,آداب جنوب الوادي,Arts (Humanities) South Wadi,246.0,60.0,General analytical and communication skills (recommend checking specific department details)
Scientific - Science Track,علمي علوم,آداب سوهاج,Arts (Humanities) Sohag,246.0,60.0,General analytical and communication skills (recommend checking specific department details)
Scientific - Math Track,علمي رياضة,طب المنصورة,Medicine Mansoura,387.0,94.39,"High focus and memorization, empathy and human communication, stress tolerance, reading scientific research in English"
Scientific - Math Track,علمي رياضة,هندسة بترول و تعدين السويس,Engineering Petroleum and Mining Suez,386.0,94.15,"Advanced math and physics, geological analysis, fieldwork and precise engineering calculations"
Scientific - Math Track,علمي رياضة,طب سوهاج,Medicine Sohag,386.0,94.15,"High focus and memorization, empathy and human communication, stress tolerance, reading scientific research in English"
Scientific - Math Track,علمي رياضة,طب دمياط,Medicine Damietta,386.0,94.15,"High focus and memorization, empathy and human communication, stress tolerance, reading scientific research in English"
Scientific - Math Track,علمي رياضة,طب الزقازيق,Medicine Zagazig,385.0,93.9,"High focus and memorization, empathy and human communication, stress tolerance, reading scientific research in English"
Scientific - Math Track,علمي رياضة,طب فاقوس,Medicine Fakous,384.0,93.66,"High focus and memorization, empathy and human communication, stress tolerance, reading scientific research in English"
Scientific - Math Track,علمي رياضة,طب كفر الشيخ,Medicine Kafr Sheikh,383.0,93.41,"High focus and memorization, empathy and human communication, stress tolerance, reading scientific research in English"
Scientific - Math Track,علمي رياضة,طب طنطا,Medicine Tanta,383.0,93.41,"High focus and memorization, empathy and human communication, stress tolerance, reading scientific research in English"
Scientific - Math Track,علمي رياضة,طب أسنان جنوب الوادي,Medicine Dentistry South Wadi,382.0,93.17,"High manual precision, anatomical understanding, patient care, patience, fine cosmetic skills"
Scientific - Math Track,علمي رياضة,طب الإسكندرية,Medicine Alexandria,382.0,93.17,"High focus and memorization, empathy and human communication, stress tolerance, reading scientific research in English"
Scientific - Math Track,علمي رياضة,طب أسنان المنصورة,Medicine Dentistry Mansoura,382.0,93.17,"High manual precision, anatomical understanding, patient care, patience, fine cosmetic skills"
Scientific - Math Track,علمي رياضة,طب بور سعيد,Medicine Port Said,381.0,92.93,"High focus and memorization, empathy and human communication, stress tolerance, reading scientific research in English"
Scientific - Math Track,علمي رياضة,طب القاهرة,Medicine Cairo,381.0,92.93,"High focus and memorization, empathy and human communication, stress tolerance, reading scientific research in English"
Scientific - Math Track,علمي رياضة,طب أسيوط,Medicine Asyut,381.0,92.93,"High focus and memorization, empathy and human communication, stress tolerance, reading scientific research in English"
Scientific - Math Track,علمي رياضة,طب عين شمس,Medicine Ain Shams,380.0,92.68,"High focus and memorization, empathy and human communication, stress tolerance, reading scientific research in English"
Scientific - Math Track,علمي رياضة,طب المنوفية بشبين الكوم,Medicine Menoufia in Shebin Kom,380.0,92.68,"High focus and memorization, empathy and human communication, stress tolerance, reading scientific research in English"
Scientific - Math Track,علمي رياضة,طب جنوب الوادي,Medicine South Wadi,380.0,92.68,"High focus and memorization, empathy and human communication, stress tolerance, reading scientific research in English"
Scientific - Math Track,علمي رياضة,طب الاقصر,Medicine Luxor,379.0,92.44,"High focus and memorization, empathy and human communication, stress tolerance, reading scientific research in English"
Scientific - Math Track,علمي رياضة,طب بنها,Medicine Banha,379.0,92.44,"High focus and memorization, empathy and human communication, stress tolerance, reading scientific research in English"
Scientific - Math Track,علمي رياضة,طب حلوان,Medicine Helwan,378.0,92.2,"High focus and memorization, empathy and human communication, stress tolerance, reading scientific research in English"
Scientific - Math Track,علمي رياضة,طب قناة السويس بالإسماعيلية,Medicine Canal Suez in Ismailia,378.0,92.2,"High focus and memorization, empathy and human communication, stress tolerance, reading scientific research in English"
Scientific - Math Track,علمي رياضة,طب المنيا,Medicine Minya,378.0,92.2,"High focus and memorization, empathy and human communication, stress tolerance, reading scientific research in English"
Scientific - Math Track,علمي رياضة,طب أسنان الزقازيق,Medicine Dentistry Zagazig,378.0,92.2,"High manual precision, anatomical understanding, patient care, patience, fine cosmetic skills"
Scientific - Math Track,علمي رياضة,طب السويس,Medicine Suez,377.0,91.95,"High focus and memorization, empathy and human communication, stress tolerance, reading scientific research in English"
Scientific - Math Track,علمي رياضة,طب الفيوم,Medicine Fayoum,377.0,91.95,"High focus and memorization, empathy and human communication, stress tolerance, reading scientific research in English"
Scientific - Math Track,علمي رياضة,طب أسنان كفر الشيخ,Medicine Dentistry Kafr Sheikh,377.0,91.95,"High manual precision, anatomical understanding, patient care, patience, fine cosmetic skills"
Scientific - Math Track,علمي رياضة,طب أسنان المنوفية,Medicine Dentistry Menoufia,377.0,91.95,"High manual precision, anatomical understanding, patient care, patience, fine cosmetic skills"
Scientific - Math Track,علمي رياضة,طب العريش,Medicine Al-Arish,376.0,91.71,"High focus and memorization, empathy and human communication, stress tolerance, reading scientific research in English"
Scientific - Math Track,علمي رياضة,طب أسنان أسيوط,Medicine Dentistry Asyut,376.0,91.71,"High manual precision, anatomical understanding, patient care, patience, fine cosmetic skills"
Scientific - Math Track,علمي رياضة,طب أسوان,Medicine Aswan,376.0,91.71,"High focus and memorization, empathy and human communication, stress tolerance, reading scientific research in English"
Scientific - Math Track,علمي رياضة,طب أسنان طنطا,Medicine Dentistry Tanta,376.0,91.71,"High manual precision, anatomical understanding, patient care, patience, fine cosmetic skills"
Scientific - Math Track,علمي رياضة,طب أسنان عين شمس,Medicine Dentistry Ain Shams,376.0,91.71,"High manual precision, anatomical understanding, patient care, patience, fine cosmetic skills"
Scientific - Math Track,علمي رياضة,طب أسنان الإسكندرية,Medicine Dentistry Alexandria,376.0,91.71,"High manual precision, anatomical understanding, patient care, patience, fine cosmetic skills"
Scientific - Math Track,علمي رياضة,طب أسنان القاهرة,Medicine Dentistry Cairo,376.0,91.71,"High manual precision, anatomical understanding, patient care, patience, fine cosmetic skills"
Scientific - Math Track,علمي رياضة,طب بني سويف,Medicine Beni Suef,376.0,91.71,"High focus and memorization, empathy and human communication, stress tolerance, reading scientific research in English"
Scientific - Math Track,علمي رياضة,طب أسنان قناة السويس بالإسماعيلية,Medicine Dentistry Canal Suez in Ismailia,376.0,91.71,"High manual precision, anatomical understanding, patient care, patience, fine cosmetic skills"
Scientific - Math Track,علمي رياضة,طب الوادي الجديد,Medicine Wadi New,376.0,91.71,"High focus and memorization, empathy and human communication, stress tolerance, reading scientific research in English"
Scientific - Math Track,علمي رياضة,طب أسنان المنيا,Medicine Dentistry Minya,375.0,91.46,"High manual precision, anatomical understanding, patient care, patience, fine cosmetic skills"
Scientific - Math Track,علمي رياضة,طب أسنان الفيوم,Medicine Dentistry Fayoum,375.0,91.46,"High manual precision, anatomical understanding, patient care, patience, fine cosmetic skills"
Scientific - Math Track,علمي رياضة,طب أسنان السويس,Medicine Dentistry Suez,375.0,91.46,"High manual precision, anatomical understanding, patient care, patience, fine cosmetic skills"
Scientific - Math Track,علمي رياضة,طب أسنان بني سويف,Medicine Dentistry Beni Suef,375.0,91.46,"High manual precision, anatomical understanding, patient care, patience, fine cosmetic skills"
Scientific - Math Track,علمي رياضة,علاج طبيعي كفر الشيخ,Therapy Physical (Therapy) Kafr Sheikh,374.0,91.22,"High focus and memorization, empathy and human communication, stress tolerance, reading scientific research in English"
Scientific - Math Track,علمي رياضة,علاج طبيعي بنها,Therapy Physical (Therapy) Banha,373.0,90.98,"High focus and memorization, empathy and human communication, stress tolerance, reading scientific research in English"
Scientific - Math Track,علمي رياضة,علاج طبيعي القاهرة,Therapy Physical (Therapy) Cairo,373.0,90.98,"High focus and memorization, empathy and human communication, stress tolerance, reading scientific research in English"
Scientific - Math Track,علمي رياضة,صيدلة سوهاج,Pharmacy Sohag,373.0,90.98,"Chemical precision, memorizing drug compositions, patient communication, understanding drug interactions"
Scientific - Math Track,علمي رياضة,علاج طبيعي جنوب الوادي,Therapy Physical (Therapy) South Wadi,372.0,90.73,"High focus and memorization, empathy and human communication, stress tolerance, reading scientific research in English"
Scientific - Math Track,علمي رياضة,علاج طبيعي السويس,Therapy Physical (Therapy) Suez,372.0,90.73,"High focus and memorization, empathy and human communication, stress tolerance, reading scientific research in English"
Scientific - Math Track,علمي رياضة,صيدلة المنصورة,Pharmacy Mansoura,372.0,90.73,"Chemical precision, memorizing drug compositions, patient communication, understanding drug interactions"
Scientific - Math Track,علمي رياضة,علاج طبيعي بني سويف,Therapy Physical (Therapy) Beni Suef,372.0,90.73,"High focus and memorization, empathy and human communication, stress tolerance, reading scientific research in English"
Scientific - Math Track,علمي رياضة,صيدلة الزقازيق,Pharmacy Zagazig,371.0,90.49,"Chemical precision, memorizing drug compositions, patient communication, understanding drug interactions"
Scientific - Math Track,علمي رياضة,صيدلة طنطا,Pharmacy Tanta,371.0,90.49,"Chemical precision, memorizing drug compositions, patient communication, understanding drug interactions"
Scientific - Math Track,علمي رياضة,صيدلة جنوب الوادي,Pharmacy South Wadi,371.0,90.49,"Chemical precision, memorizing drug compositions, patient communication, understanding drug interactions"
Scientific - Math Track,علمي رياضة,صيدلة دمنهور,Pharmacy Damanhour,371.0,90.49,"Chemical precision, memorizing drug compositions, patient communication, understanding drug interactions"
Scientific - Math Track,علمي رياضة,صيدلة القاهرة,Pharmacy Cairo,370.0,90.24,"Chemical precision, memorizing drug compositions, patient communication, understanding drug interactions"
Scientific - Math Track,علمي رياضة,صيدلة عين شمس,Pharmacy Ain Shams,370.0,90.24,"Chemical precision, memorizing drug compositions, patient communication, understanding drug interactions"
Scientific - Math Track,علمي رياضة,صيدلة الإسكندرية,Pharmacy Alexandria,370.0,90.24,"Chemical precision, memorizing drug compositions, patient communication, understanding drug interactions"
Scientific - Math Track,علمي رياضة,صيدلة بور سعيد,Pharmacy Port Said,370.0,90.24,"Chemical precision, memorizing drug compositions, patient communication, understanding drug interactions"
Scientific - Math Track,علمي رياضة,صيدلة أسيوط,Pharmacy Asyut,370.0,90.24,"Chemical precision, memorizing drug compositions, patient communication, understanding drug interactions"
Scientific - Math Track,علمي رياضة,صيدلة المنوفية,Pharmacy Menoufia,370.0,90.24,"Chemical precision, memorizing drug compositions, patient communication, understanding drug interactions"
Scientific - Math Track,علمي رياضة,صيدلة قناة السويس بالإسماعيلية,Pharmacy Canal Suez in Ismailia,370.0,90.24,"Chemical precision, memorizing drug compositions, patient communication, understanding drug interactions"
Scientific - Math Track,علمي رياضة,صيدلة مدينة السادات,Pharmacy City of Sadat,370.0,90.24,"Chemical precision, memorizing drug compositions, patient communication, understanding drug interactions"
Scientific - Math Track,علمي رياضة,صيدلة و تصنيع دوائي كفر الشيخ,Pharmacy and Manufacturing Pharmaceutical Kafr Sheikh,370.0,90.24,"Chemical precision, memorizing drug compositions, patient communication, understanding drug interactions"
Scientific - Math Track,علمي رياضة,صيدلة المنيا,Pharmacy Minya,370.0,90.24,"Chemical precision, memorizing drug compositions, patient communication, understanding drug interactions"
Scientific - Math Track,علمي رياضة,صيدلة حلوان,Pharmacy Helwan,369.0,90.0,"Chemical precision, memorizing drug compositions, patient communication, understanding drug interactions"
Scientific - Math Track,علمي رياضة,صيدلة بني سويف,Pharmacy Beni Suef,369.0,90.0,"Chemical precision, memorizing drug compositions, patient communication, understanding drug interactions"
Scientific - Math Track,علمي رياضة,صيدلة الفيوم,Pharmacy Fayoum,369.0,90.0,"Chemical precision, memorizing drug compositions, patient communication, understanding drug interactions"
Scientific - Math Track,علمي رياضة,صيدلة ج الوادي الجديد,Pharmacy Wadi New,369.0,90.0,"Chemical precision, memorizing drug compositions, patient communication, understanding drug interactions"
Scientific - Math Track,علمي رياضة,هندسة القاهرة,Engineering Cairo,366.0,89.27,"Strong math and physics, engineering design thinking, calculation precision, later AutoCAD and simulation software"
Scientific - Math Track,علمي رياضة,هندسة المنصورة,Engineering Mansoura,366.0,89.27,"Strong math and physics, engineering design thinking, calculation precision, later AutoCAD and simulation software"
Scientific - Math Track,علمي رياضة,طب بيطري المنصورة,Medicine Veterinary Mansoura,365.0,89.02,"Love of animals, anatomical/biological understanding, patience, fieldwork ability"
Scientific - Math Track,علمي رياضة,طب بيطري سوهاج,Medicine Veterinary Sohag,364.0,88.78,"Love of animals, anatomical/biological understanding, patience, fieldwork ability"
Scientific - Math Track,علمي رياضة,هندسة الزقازيق,Engineering Zagazig,363.0,88.54,"Strong math and physics, engineering design thinking, calculation precision, later AutoCAD and simulation software"
Scientific - Math Track,علمي رياضة,طب بيطري الزقازيق,Medicine Veterinary Zagazig,363.0,88.54,"Love of animals, anatomical/biological understanding, patience, fieldwork ability"
Scientific - Math Track,علمي رياضة,طب بيطري كفر الشيخ,Medicine Veterinary Kafr Sheikh,363.0,88.54,"Love of animals, anatomical/biological understanding, patience, fieldwork ability"
Scientific - Math Track,علمي رياضة,طب بيطري عين شمس,Medicine Veterinary Ain Shams,363.0,88.54,"Love of animals, anatomical/biological understanding, patience, fieldwork ability"
Scientific - Math Track,علمي رياضة,هندسة دمياط,Engineering Damietta,362.0,88.29,"Strong math and physics, engineering design thinking, calculation precision, later AutoCAD and simulation software"
Scientific - Math Track,علمي رياضة,طب بيطري المنوفية,Medicine Veterinary Menoufia,362.0,88.29,"Love of animals, anatomical/biological understanding, patience, fieldwork ability"
Scientific - Math Track,علمي رياضة,طب بيطري دمنهور,Medicine Veterinary Damanhour,362.0,88.29,"Love of animals, anatomical/biological understanding, patience, fieldwork ability"
Scientific - Math Track,علمي رياضة,هندسة قناة السويس بالإسماعيلية,Engineering Canal Suez in Ismailia,362.0,88.29,"Strong math and physics, engineering design thinking, calculation precision, later AutoCAD and simulation software"
Scientific - Math Track,علمي رياضة,طب بيطري الإسكندرية,Medicine Veterinary Alexandria,361.0,88.05,"Love of animals, anatomical/biological understanding, patience, fieldwork ability"
Scientific - Math Track,علمي رياضة,هندسة عين شمس,Engineering Ain Shams,361.0,88.05,"Strong math and physics, engineering design thinking, calculation precision, later AutoCAD and simulation software"
Scientific - Math Track,علمي رياضة,طب بيطري أسيوط,Medicine Veterinary Asyut,361.0,88.05,"Love of animals, anatomical/biological understanding, patience, fieldwork ability"
Scientific - Math Track,علمي رياضة,طب بيطري بنها,Medicine Veterinary Banha,360.0,87.8,"Love of animals, anatomical/biological understanding, patience, fieldwork ability"
Scientific - Math Track,علمي رياضة,طب بيطري جنوب الوادي,Medicine Veterinary South Wadi,360.0,87.8,"Love of animals, anatomical/biological understanding, patience, fieldwork ability"
Scientific - Math Track,علمي رياضة,طب بيطري القاهرة,Medicine Veterinary Cairo,360.0,87.8,"Love of animals, anatomical/biological understanding, patience, fieldwork ability"
Scientific - Math Track,علمي رياضة,طب بيطري المنيا,Medicine Veterinary Minya,359.0,87.56,"Love of animals, anatomical/biological understanding, patience, fieldwork ability"
Scientific - Math Track,علمي رياضة,هندسة بور سعيد,Engineering Port Said,359.0,87.56,"Strong math and physics, engineering design thinking, calculation precision, later AutoCAD and simulation software"
Scientific - Math Track,علمي رياضة,طب بيطري قناة السويس بالإسماعيلية,Medicine Veterinary Canal Suez in Ismailia,358.0,87.32,"Love of animals, anatomical/biological understanding, patience, fieldwork ability"
Scientific - Math Track,علمي رياضة,طب بيطري مدينة السادات,Medicine Veterinary City of Sadat,358.0,87.32,"Love of animals, anatomical/biological understanding, patience, fieldwork ability"
Scientific - Math Track,علمي رياضة,هندسة طنطا,Engineering Tanta,358.0,87.32,"Strong math and physics, engineering design thinking, calculation precision, later AutoCAD and simulation software"
Scientific - Math Track,علمي رياضة,طب بيطري بني سويف,Medicine Veterinary Beni Suef,357.0,87.07,"Love of animals, anatomical/biological understanding, patience, fieldwork ability"
Scientific - Math Track,علمي رياضة,طب بيطري أسوان,Medicine Veterinary Aswan,357.0,87.07,"Love of animals, anatomical/biological understanding, patience, fieldwork ability"
Scientific - Math Track,علمي رياضة,طب بيطري مطروح,Medicine Veterinary Matrouh,357.0,87.07,"Love of animals, anatomical/biological understanding, patience, fieldwork ability"
Scientific - Math Track,علمي رياضة,طب بيطري الوادي الجديد,Medicine Veterinary Wadi New,356.0,86.83,"Love of animals, anatomical/biological understanding, patience, fieldwork ability"
Scientific - Math Track,علمي رياضة,طب بيطري العريش,Medicine Veterinary Al-Arish,356.0,86.83,"Love of animals, anatomical/biological understanding, patience, fieldwork ability"
Scientific - Math Track,علمي رياضة,هندسة كفر الشيخ,Engineering Kafr Sheikh,355.0,86.59,"Strong math and physics, engineering design thinking, calculation precision, later AutoCAD and simulation software"
Scientific - Math Track,علمي رياضة,ألسن كفر الشيخ,Al-Alsun (Languages) Kafr Sheikh,355.0,86.59,"Fluency in foreign languages, translation, strong linguistic memory"
Scientific - Math Track,علمي رياضة,هندسة إلكترونية المنوفية بمنوف,Engineering Electronic Menoufia in Menouf,354.0,86.34,"Math and physics, embedded systems programming, circuit analysis"
Scientific - Math Track,علمي رياضة,تكنولوجيا العلوم الصحية التطبيقية المنوفية,Technology Science Health Applied Menoufia,354.0,86.34,"High focus and memorization, empathy and human communication, stress tolerance, reading scientific research in English"
Scientific - Math Track,علمي رياضة,هندسة المنوفية بشبين الكوم,Engineering Menoufia in Shebin Kom,354.0,86.34,"Strong math and physics, engineering design thinking, calculation precision, later AutoCAD and simulation software"
Scientific - Math Track,علمي رياضة,هندسة دمنهور,Engineering Damanhour,354.0,86.34,"Strong math and physics, engineering design thinking, calculation precision, later AutoCAD and simulation software"
Scientific - Math Track,علمي رياضة,هندسة بنها بشبرا,Engineering Banha in Shubra,353.0,86.1,"Strong math and physics, engineering design thinking, calculation precision, later AutoCAD and simulation software"
Scientific - Math Track,علمي رياضة,هندسة بنها,Engineering Banha,353.0,86.1,"Strong math and physics, engineering design thinking, calculation precision, later AutoCAD and simulation software"
Scientific - Math Track,علمي رياضة,هندسة الإسكندرية,Engineering Alexandria,353.0,86.1,"Strong math and physics, engineering design thinking, calculation precision, later AutoCAD and simulation software"
Scientific - Math Track,علمي رياضة,علوم سوهاج,Science Sohag,352.0,85.85,"Analytical scientific thinking, math/chemistry/physics depending on department, scientific research"
Scientific - Math Track,علمي رياضة,اقتصاد و علوم سياسية القاهرة,Economics and Science Political Cairo,352.0,85.85,"Analytical scientific thinking, math/chemistry/physics depending on department, scientific research"
Scientific - Math Track,علمي رياضة,هندسة السويس,Engineering Suez,352.0,85.85,"Strong math and physics, engineering design thinking, calculation precision, later AutoCAD and simulation software"
Scientific - Math Track,علمي رياضة,هندسة حلوان,Engineering Helwan,352.0,85.85,"Strong math and physics, engineering design thinking, calculation precision, later AutoCAD and simulation software"
Scientific - Math Track,علمي رياضة,تكنولوجيا العلوم الصحية التطبيقية بني سويف,Technology Science Health Applied Beni Suef,351.0,85.61,"High focus and memorization, empathy and human communication, stress tolerance, reading scientific research in English"
Scientific - Math Track,علمي رياضة,تمريض بور سعيد,Nursing Port Said,351.0,85.61,"Humane caregiving, tolerance for physical/psychological stress, precision in following medical instructions"
Scientific - Math Track,علمي رياضة,هندسة حلوان بالمطرية,Engineering Helwan in Al-Matariya,350.0,85.37,"Strong math and physics, engineering design thinking, calculation precision, later AutoCAD and simulation software"
Scientific - Math Track,علمي رياضة,هندسة سوهاج,Engineering Sohag,350.0,85.37,"Strong math and physics, engineering design thinking, calculation precision, later AutoCAD and simulation software"
Scientific - Math Track,علمي رياضة,الملاحة وتكنولوجيا الفضاء بني سويف,Navigation and Technology Space Beni Suef,350.0,85.37,"Applied technical skills depending on specialization, practical problem solving"
Scientific - Math Track,علمي رياضة,علوم دمنهور,Science Damanhour,349.0,85.12,"Analytical scientific thinking, math/chemistry/physics depending on department, scientific research"
Scientific - Math Track,علمي رياضة,ألسن قناة السويس بالإسماعيلية,Al-Alsun (Languages) Canal Suez in Ismailia,349.0,85.12,"Fluency in foreign languages, translation, strong linguistic memory"
Scientific - Math Track,علمي رياضة,هندسة الفيوم,Engineering Fayoum,348.0,84.88,"Strong math and physics, engineering design thinking, calculation precision, later AutoCAD and simulation software"
Scientific - Math Track,علمي رياضة,علوم الزقازيق,Science Zagazig,347.0,84.63,"Analytical scientific thinking, math/chemistry/physics depending on department, scientific research"
Scientific - Math Track,علمي رياضة,علوم كفر الشيخ,Science Kafr Sheikh,347.0,84.63,"Analytical scientific thinking, math/chemistry/physics depending on department, scientific research"
Scientific - Math Track,علمي رياضة,هندسة أسوان,Engineering Aswan,347.0,84.63,"Strong math and physics, engineering design thinking, calculation precision, later AutoCAD and simulation software"
Scientific - Math Track,علمي رياضة,تمريض المنصورة,Nursing Mansoura,347.0,84.63,"Humane caregiving, tolerance for physical/psychological stress, precision in following medical instructions"
Scientific - Math Track,علمي رياضة,معهد فني صحى المنصوره,Institute Technical Health Mansoura,346.0,84.39,"Applied lab/technical skills, precision in tests and health procedures"
Scientific - Math Track,علمي رياضة,حاسبات و ذكاء إصطناعي القاهرة,Computers and Intelligence Artificial (Intelligence) Cairo,346.0,84.39,"Programming (Python), math and statistics, machine learning, logical problem solving"
Scientific - Math Track,علمي رياضة,هندسة بني سويف,Engineering Beni Suef,346.0,84.39,"Strong math and physics, engineering design thinking, calculation precision, later AutoCAD and simulation software"
Scientific - Math Track,علمي رياضة,الدراسات الاقتصادية و العلوم السياسة الإسكندرية,Studies Economic and Science Political Alexandria,346.0,84.39,"Analytical scientific thinking, math/chemistry/physics depending on department, scientific research"
Scientific - Math Track,علمي رياضة,علوم المنصورة,Science Mansoura,346.0,84.39,"Analytical scientific thinking, math/chemistry/physics depending on department, scientific research"
Scientific - Math Track,علمي رياضة,علوم القاهرة,Science Cairo,346.0,84.39,"Analytical scientific thinking, math/chemistry/physics depending on department, scientific research"
Scientific - Math Track,علمي رياضة,علوم جنوب الوادي,Science South Wadi,346.0,84.39,"Analytical scientific thinking, math/chemistry/physics depending on department, scientific research"
Scientific - Math Track,علمي رياضة,علوم الإسكندرية,Science Alexandria,345.0,84.15,"Analytical scientific thinking, math/chemistry/physics depending on department, scientific research"
Scientific - Math Track,علمي رياضة,علوم أسيوط,Science Asyut,345.0,84.15,"Analytical scientific thinking, math/chemistry/physics depending on department, scientific research"
Scientific - Math Track,علمي رياضة,هندسة المنيا,Engineering Minya,345.0,84.15,"Strong math and physics, engineering design thinking, calculation precision, later AutoCAD and simulation software"
Scientific - Math Track,علمي رياضة,هندسة جنوب الوادي,Engineering South Wadi,344.0,83.9,"Strong math and physics, engineering design thinking, calculation precision, later AutoCAD and simulation software"
Scientific - Math Track,علمي رياضة,هندسة أسيوط,Engineering Asyut,344.0,83.9,"Strong math and physics, engineering design thinking, calculation precision, later AutoCAD and simulation software"
Scientific - Math Track,علمي رياضة,تمريض طنطا,Nursing Tanta,344.0,83.9,"Humane caregiving, tolerance for physical/psychological stress, precision in following medical instructions"
Scientific - Math Track,علمي رياضة,حاسبات و علوم البيانات الإسكندرية,Computers and Science Data Alexandria,343.0,83.66,"Programming logic, discrete math, problem solving, technical English"
Scientific - Math Track,علمي رياضة,علوم طنطا,Science Tanta,343.0,83.66,"Analytical scientific thinking, math/chemistry/physics depending on department, scientific research"
Scientific - Math Track,علمي رياضة,سياسة واقتصاد السويس,Politics and Economics Suez,343.0,83.66,"Critical analysis, academic writing, economic/political understanding"
Scientific - Math Track,علمي رياضة,حاسبات ومعلومات عين شمس,Computers and Information Ain Shams,343.0,83.66,"Programming logic, discrete math, problem solving, technical English"
Scientific - Math Track,علمي رياضة,هندسة الطاقة أسوان,Engineering Energy Aswan,343.0,83.66,"Strong math and physics, engineering design thinking, calculation precision, later AutoCAD and simulation software"
Scientific - Math Track,علمي رياضة,علوم بنها,Science Banha,343.0,83.66,"Analytical scientific thinking, math/chemistry/physics depending on department, scientific research"
Scientific - Math Track,علمي رياضة,معهد فني صحى طنطا,Institute Technical Health Tanta,342.0,83.41,"Applied lab/technical skills, precision in tests and health procedures"
Scientific - Math Track,علمي رياضة,علوم المنيا,Science Minya,342.0,83.41,"Analytical scientific thinking, math/chemistry/physics depending on department, scientific research"
Scientific - Math Track,علمي رياضة,علوم عين شمس,Science Ain Shams,342.0,83.41,"Analytical scientific thinking, math/chemistry/physics depending on department, scientific research"
Scientific - Math Track,علمي رياضة,حاسبات ومعلومات المنصورة,Computers and Information Mansoura,342.0,83.41,"Programming logic, discrete math, problem solving, technical English"
Scientific - Math Track,علمي رياضة,حاسبات ومعلومات دمياط,Computers and Information Damietta,342.0,83.41,"Programming logic, discrete math, problem solving, technical English"
Scientific - Math Track,علمي رياضة,سياسة واقتصاد بني سويف,Politics and Economics Beni Suef,342.0,83.41,"Critical analysis, academic writing, economic/political understanding"
Scientific - Math Track,علمي رياضة,علوم بور سعيد,Science Port Said,341.0,83.17,"Analytical scientific thinking, math/chemistry/physics depending on department, scientific research"
Scientific - Math Track,علمي رياضة,علوم دمياط,Science Damietta,341.0,83.17,"Analytical scientific thinking, math/chemistry/physics depending on department, scientific research"
Scientific - Math Track,علمي رياضة,علوم المنوفية بشبين الكوم,Science Menoufia in Shebin Kom,341.0,83.17,"Analytical scientific thinking, math/chemistry/physics depending on department, scientific research"
Scientific - Math Track,علمي رياضة,علوم قناة السويس بالإسماعيلية,Science Canal Suez in Ismailia,341.0,83.17,"Analytical scientific thinking, math/chemistry/physics depending on department, scientific research"
Scientific - Math Track,علمي رياضة,معهد فني صحى الزقازيق,Institute Technical Health Zagazig,340.0,82.93,"Applied lab/technical skills, precision in tests and health procedures"
Scientific - Math Track,علمي رياضة,علوم الفيوم,Science Fayoum,340.0,82.93,"Analytical scientific thinking, math/chemistry/physics depending on department, scientific research"
Scientific - Math Track,علمي رياضة,علوم أسوان,Science Aswan,340.0,82.93,"Analytical scientific thinking, math/chemistry/physics depending on department, scientific research"
Scientific - Math Track,علمي رياضة,تمريض دمياط,Nursing Damietta,340.0,82.93,"Humane caregiving, tolerance for physical/psychological stress, precision in following medical instructions"
Scientific - Math Track,علمي رياضة,علوم بني سويف,Science Beni Suef,339.0,82.68,"Analytical scientific thinking, math/chemistry/physics depending on department, scientific research"
Scientific - Math Track,علمي رياضة,علوم السويس,Science Suez,339.0,82.68,"Analytical scientific thinking, math/chemistry/physics depending on department, scientific research"
Scientific - Math Track,علمي رياضة,تخطيط عمراني القاهرة,Planning Urban Cairo,339.0,82.68,"Spatial design, drafting software (CAD/GIS), creative organizational thinking"
Scientific - Math Track,علمي رياضة,علوم حلوان,Science Helwan,339.0,82.68,"Analytical scientific thinking, math/chemistry/physics depending on department, scientific research"
Scientific - Math Track,علمي رياضة,حاسبات و ذكاء إصطناعي حلوان,Computers and Intelligence Artificial (Intelligence) Helwan,338.0,82.44,"Programming (Python), math and statistics, machine learning, logical problem solving"
Scientific - Math Track,علمي رياضة,علوم العريش,Science Al-Arish,338.0,82.44,"Analytical scientific thinking, math/chemistry/physics depending on department, scientific research"
Scientific - Math Track,علمي رياضة,ألسن عين شمس,Al-Alsun (Languages) Ain Shams,338.0,82.44,"Fluency in foreign languages, translation, strong linguistic memory"
Scientific - Math Track,علمي رياضة,علوم بنات عين شمس,Science Girls Ain Shams,338.0,82.44,"Analytical scientific thinking, math/chemistry/physics depending on department, scientific research"
Scientific - Math Track,علمي رياضة,الذكاء الاصطناعى كفر الشيخ,Intelligence Artificial (Intelligence) Kafr Sheikh,338.0,82.44,"Programming (Python), math and statistics, machine learning, logical problem solving"
Scientific - Math Track,علمي رياضة,علوم الوادي الجديد,Science Wadi New,338.0,82.44,"Analytical scientific thinking, math/chemistry/physics depending on department, scientific research"
Scientific - Math Track,علمي رياضة,تمريض الزقازيق,Nursing Zagazig,337.0,82.2,"Humane caregiving, tolerance for physical/psychological stress, precision in following medical instructions"
Scientific - Math Track,علمي رياضة,حاسبات ومعلومات طنطا,Computers and Information Tanta,337.0,82.2,"Programming logic, discrete math, problem solving, technical English"
Scientific - Math Track,علمي رياضة,ألسن أسوان,Al-Alsun (Languages) Aswan,337.0,82.2,"Fluency in foreign languages, translation, strong linguistic memory"
Scientific - Math Track,علمي رياضة,ألسن الفيوم,Al-Alsun (Languages) Fayoum,337.0,82.2,"Fluency in foreign languages, translation, strong linguistic memory"
Scientific - Math Track,علمي رياضة,حاسبات ومعلومات كفر الشيخ,Computers and Information Kafr Sheikh,337.0,82.2,"Programming logic, discrete math, problem solving, technical English"
Scientific - Math Track,علمي رياضة,حاسبات ومعلومات الزقازيق,Computers and Information Zagazig,337.0,82.2,"Programming logic, discrete math, problem solving, technical English"
Scientific - Math Track,علمي رياضة,ألسن الأقصر,Al-Alsun (Languages) Luxor,336.0,81.95,"Fluency in foreign languages, translation, strong linguistic memory"
Scientific - Math Track,علمي رياضة,الاعاقة والتأهيل الزقازيق,Disability and Rehabilitation Zagazig,336.0,81.95,"High empathy, patience, specialized communication skills, rehabilitative psychological understanding"
Scientific - Math Track,علمي رياضة,ألسن بني سويف,Al-Alsun (Languages) Beni Suef,336.0,81.95,"Fluency in foreign languages, translation, strong linguistic memory"
Scientific - Math Track,علمي رياضة,ألسن جنوب الوادي فرع الغردقة,Al-Alsun (Languages) South Wadi Branch Hurghada,336.0,81.95,"Fluency in foreign languages, translation, strong linguistic memory"
Scientific - Math Track,علمي رياضة,ألسن سوهاج,Al-Alsun (Languages) Sohag,335.0,81.71,"Fluency in foreign languages, translation, strong linguistic memory"
Scientific - Math Track,علمي رياضة,حاسبات و ذكاء إصطناعي بنها,Computers and Intelligence Artificial (Intelligence) Banha,335.0,81.71,"Programming (Python), math and statistics, machine learning, logical problem solving"
Scientific - Math Track,علمي رياضة,ألسن المنيا,Al-Alsun (Languages) Minya,335.0,81.71,"Fluency in foreign languages, translation, strong linguistic memory"
Scientific - Math Track,علمي رياضة,حاسبات ومعلومات قناة السويس بالإسماعيلية,Computers and Information Canal Suez in Ismailia,334.0,81.46,"Programming logic, discrete math, problem solving, technical English"
Scientific - Math Track,علمي رياضة,حاسبات ومعلومات المنوفية بشبين الكوم,Computers and Information Menoufia in Shebin Kom,334.0,81.46,"Programming logic, discrete math, problem solving, technical English"
Scientific - Math Track,علمي رياضة,تكنولوجيا الادارة ونظم المعلومات بور سعيد,Technology Management and Systems Information Port Said,334.0,81.46,"Analytical scientific thinking, math/chemistry/physics depending on department, scientific research"
Scientific - Math Track,علمي رياضة,تمريض دمنهور,Nursing Damanhour,334.0,81.46,"Humane caregiving, tolerance for physical/psychological stress, precision in following medical instructions"
Scientific - Math Track,علمي رياضة,علوم البترول والتعدين مطروح,Science Petroleum and Mining Matrouh,333.0,81.22,"Advanced chemistry and physics, geological analysis, fieldwork"
Scientific - Math Track,علمي رياضة,علوم الارض بني سويف,Science Earth (Sciences) Beni Suef,332.0,80.98,"Analytical scientific thinking, math/chemistry/physics depending on department, scientific research"
Scientific - Math Track,علمي رياضة,حاسبات ومعلومات السويس,Computers and Information Suez,332.0,80.98,"Programming logic, discrete math, problem solving, technical English"
Scientific - Math Track,علمي رياضة,تمريض المنوفية بشبين الكوم,Nursing Menoufia in Shebin Kom,332.0,80.98,"Humane caregiving, tolerance for physical/psychological stress, precision in following medical instructions"
Scientific - Math Track,علمي رياضة,ذكاء إصطناعي المنوفية شبين الكوم,Intelligence Artificial (Intelligence) Menoufia Shebin Kom,332.0,80.98,"Programming (Python), math and statistics, machine learning, logical problem solving"
Scientific - Math Track,علمي رياضة,حاسبات وذكاء اصطناعي السادات,Computers and (Artificial) Intelligence Artificial (Intelligence) Sadat,332.0,80.98,"Programming logic, discrete math, problem solving, technical English"
Scientific - Math Track,علمي رياضة,حاسبات و ذكاء إصطناعي جنوب الوادي فرع الغردقة,Computers and Intelligence Artificial (Intelligence) South Wadi Branch Hurghada,331.0,80.73,"Programming (Python), math and statistics, machine learning, logical problem solving"
Scientific - Math Track,علمي رياضة,حاسبات ومعلومات الفيوم,Computers and Information Fayoum,331.0,80.73,"Programming logic, discrete math, problem solving, technical English"
Scientific - Math Track,علمي رياضة,الاعاقة والتأهيل بني سويف,Disability and Rehabilitation Beni Suef,331.0,80.73,"High empathy, patience, specialized communication skills, rehabilitative psychological understanding"
Scientific - Math Track,علمي رياضة,فنون تطبيقية بنها,Arts (Fine) Applied Banha,331.0,80.73,"High focus and memorization, empathy and human communication, stress tolerance, reading scientific research in English"
Scientific - Math Track,علمي رياضة,حاسبات وذكاء اصطناعي مطروح,Computers and (Artificial) Intelligence Artificial (Intelligence) Matrouh,330.0,80.49,"Programming logic, discrete math, problem solving, technical English"
Scientific - Math Track,علمي رياضة,حاسبات و معلومات العريش,Computers and Information Al-Arish,330.0,80.49,"Programming logic, discrete math, problem solving, technical English"
Scientific - Math Track,علمي رياضة,حاسبات ومعلومات بني سويف,Computers and Information Beni Suef,329.0,80.24,"Programming logic, discrete math, problem solving, technical English"
Scientific - Math Track,علمي رياضة,آثار دمياط,Archaeology Damietta,328.0,80.0,"Historical preservation, linguistic/historical analysis, research patience, sometimes ancient languages"
Scientific - Math Track,علمي رياضة,حاسبات ومعلومات قنا,Computers and Information Qena,328.0,80.0,"Programming logic, discrete math, problem solving, technical English"
Scientific - Math Track,علمي رياضة,حاسبات ومعلومات المنيا,Computers and Information Minya,328.0,80.0,"Programming logic, discrete math, problem solving, technical English"
Scientific - Math Track,علمي رياضة,علوم ثروة سمكية و مصايد كفر الشيخ,Science Wealth/Resources Fish (Fisheries) and Fisheries Kafr Sheikh,328.0,80.0,"Analytical scientific thinking, math/chemistry/physics depending on department, scientific research"
Scientific - Math Track,علمي رياضة,حاسبات ومعلومات سوهاج,Computers and Information Sohag,327.0,79.76,"Programming logic, discrete math, problem solving, technical English"
Scientific - Math Track,علمي رياضة,فنون تطبيقية حلوان,Arts (Fine) Applied Helwan,327.0,79.76,"High focus and memorization, empathy and human communication, stress tolerance, reading scientific research in English"
Scientific - Math Track,علمي رياضة,حاسبات ومعلومات أسيوط,Computers and Information Asyut,327.0,79.76,"Programming logic, discrete math, problem solving, technical English"
Scientific - Math Track,علمي رياضة,حاسبات ومعلومات الأقصر,Computers and Information Luxor,326.0,79.51,"Programming logic, discrete math, problem solving, technical English"
Scientific - Math Track,علمي رياضة,تربية الزقازيق,Education Zagazig,325.0,79.27,"Teaching and communication skills, patience, basic educational psychology understanding"
Scientific - Math Track,علمي رياضة,تربية المنصورة,Education Mansoura,324.0,79.02,"Teaching and communication skills, patience, basic educational psychology understanding"
Scientific - Math Track,علمي رياضة,اقتصاد و علوم سياسية القاهرة,Economics and Science Political Cairo,324.0,79.02,"Analytical scientific thinking, math/chemistry/physics depending on department, scientific research"
Scientific - Math Track,علمي رياضة,الملاحة وتكنولوجيا الفضاء بني سويف,Navigation and Technology Space Beni Suef,324.0,79.02,"Applied technical skills depending on specialization, practical problem solving"
Scientific - Math Track,علمي رياضة,آثار القاهرة,Archaeology Cairo,324.0,79.02,"Historical preservation, linguistic/historical analysis, research patience, sometimes ancient languages"
Scientific - Math Track,علمي رياضة,ألسن كفر الشيخ,Al-Alsun (Languages) Kafr Sheikh,324.0,79.02,"Fluency in foreign languages, translation, strong linguistic memory"
Scientific - Math Track,علمي رياضة,آثار عين شمس,Archaeology Ain Shams,324.0,79.02,"Historical preservation, linguistic/historical analysis, research patience, sometimes ancient languages"
Scientific - Math Track,علمي رياضة,آثار أسوان,Archaeology Aswan,323.0,78.78,"Historical preservation, linguistic/historical analysis, research patience, sometimes ancient languages"
Scientific - Math Track,علمي رياضة,تمريض بنها,Nursing Banha,323.0,78.78,"Humane caregiving, tolerance for physical/psychological stress, precision in following medical instructions"
Scientific - Math Track,علمي رياضة,فنون تطبيقية دمياط,Arts (Fine) Applied Damietta,322.0,78.54,"High focus and memorization, empathy and human communication, stress tolerance, reading scientific research in English"
Scientific - Math Track,علمي رياضة,تمريض كفر الشيخ,Nursing Kafr Sheikh,322.0,78.54,"Humane caregiving, tolerance for physical/psychological stress, precision in following medical instructions"
Scientific - Math Track,علمي رياضة,تمريض أسيوط,Nursing Asyut,321.0,78.29,"Humane caregiving, tolerance for physical/psychological stress, precision in following medical instructions"
Scientific - Math Track,علمي رياضة,آثار الأقصر,Archaeology Luxor,321.0,78.29,"Historical preservation, linguistic/historical analysis, research patience, sometimes ancient languages"
Scientific - Math Track,علمي رياضة,آثار و لغات مطروح,Archaeology and Languages Matrouh,321.0,78.29,"Historical preservation, linguistic/historical analysis, research patience, sometimes ancient languages"
Scientific - Math Track,علمي رياضة,الدراسات الاقتصادية و العلوم السياسة الإسكندرية,Studies Economic and Science Political Alexandria,320.0,78.05,"Analytical scientific thinking, math/chemistry/physics depending on department, scientific research"
Scientific - Math Track,علمي رياضة,تكنولوجيا العلوم الصحية التطبيقية المنوفية,Technology Science Health Applied Menoufia,319.0,77.8,"High focus and memorization, empathy and human communication, stress tolerance, reading scientific research in English"
Scientific - Math Track,علمي رياضة,الاستزراع المائي و المصايد البحرية العريش,Aquaculture Aquatic and Fisheries Marine Al-Arish,319.0,77.8,"Aquatic biology, fieldwork, natural resource management"
Scientific - Math Track,علمي رياضة,آثار الفيوم,Archaeology Fayoum,318.0,77.56,"Historical preservation, linguistic/historical analysis, research patience, sometimes ancient languages"
Scientific - Math Track,علمي رياضة,سياسة واقتصاد السويس,Politics and Economics Suez,318.0,77.56,"Critical analysis, academic writing, economic/political understanding"
Scientific - Math Track,علمي رياضة,ألسن قناة السويس رياضة بالإسماعيلية,Al-Alsun (Languages) Canal Suez Math (track) / Sports in Ismailia,318.0,77.56,"Fluency in foreign languages, translation, strong linguistic memory"
Scientific - Math Track,علمي رياضة,تربية طنطا,Education Tanta,318.0,77.56,"Teaching and communication skills, patience, basic educational psychology understanding"
Scientific - Math Track,علمي رياضة,تجارة المنصورة,Commerce Mansoura,317.0,77.32,"Basic financial math, accounting, data analysis, business communication skills"
Scientific - Math Track,علمي رياضة,ثروة سمكية السويس,Wealth/Resources Fish (Fisheries) Suez,317.0,77.32,"Aquatic biology, fieldwork, natural resource management"
Scientific - Math Track,علمي رياضة,تمريض سوهاج,Nursing Sohag,317.0,77.32,"Humane caregiving, tolerance for physical/psychological stress, precision in following medical instructions"
Scientific - Math Track,علمي رياضة,سياسة واقتصاد بني سويف,Politics and Economics Beni Suef,316.0,77.07,"Critical analysis, academic writing, economic/political understanding"
Scientific - Math Track,علمي رياضة,تربية بور سعيد,Education Port Said,315.0,76.83,"Teaching and communication skills, patience, basic educational psychology understanding"
Scientific - Math Track,علمي رياضة,زراعة المنصورة,Agriculture Mansoura,314.0,76.59,"Biological and chemical understanding, practical fieldwork, soil/crop analysis"
Scientific - Math Track,علمي رياضة,تجارة الزقازيق,Commerce Zagazig,314.0,76.59,"Basic financial math, accounting, data analysis, business communication skills"
Scientific - Math Track,علمي رياضة,حقوق الزقازيق,Law Zagazig,313.0,76.34,"Logical and textual analysis, memorizing legal texts, argumentation and persuasion skills"
Scientific - Math Track,علمي رياضة,فنون جميلة عمارة حلوان,Arts (Fine) Fine Architecture Helwan,313.0,76.34,"Artistic/design talent, visual creativity, drawing or architectural design skills"
Scientific - Math Track,علمي رياضة,تمريض المنيا,Nursing Minya,313.0,76.34,"Humane caregiving, tolerance for physical/psychological stress, precision in following medical instructions"
Scientific - Math Track,علمي رياضة,تمريض جنوب الوادي,Nursing South Wadi,312.0,76.1,"Humane caregiving, tolerance for physical/psychological stress, precision in following medical instructions"
Scientific - Math Track,علمي رياضة,علوم الإسكندرية,Science Alexandria,312.0,76.1,"Analytical scientific thinking, math/chemistry/physics depending on department, scientific research"
Scientific - Math Track,علمي رياضة,تكنولوجيا العلوم الصحية التطبيقية بني سويف,Technology Science Health Applied Beni Suef,312.0,76.1,"High focus and memorization, empathy and human communication, stress tolerance, reading scientific research in English"
Scientific - Math Track,علمي رياضة,فنون جميلة فنون الإسكندرية,Arts (Fine) Fine Arts (Fine) Alexandria,312.0,76.1,"Artistic/design talent, visual creativity, drawing or architectural design skills"
Scientific - Math Track,علمي رياضة,آثار جنوب الوادي,Archaeology South Wadi,311.0,75.85,"Historical preservation, linguistic/historical analysis, research patience, sometimes ancient languages"
Scientific - Math Track,علمي رياضة,تربية تعليم ابتدائي الزقازيق,Education Education Primary Zagazig,311.0,75.85,"Teaching and communication skills, patience, basic educational psychology understanding"
Scientific - Math Track,علمي رياضة,تجارة العريش,Commerce Al-Arish,311.0,75.85,"Basic financial math, accounting, data analysis, business communication skills"
Scientific - Math Track,علمي رياضة,تمريض القاهرة,Nursing Cairo,311.0,75.85,"Humane caregiving, tolerance for physical/psychological stress, precision in following medical instructions"
Scientific - Math Track,علمي رياضة,حقوق كفرالشيخ,Law Kafr El-Sheikh,310.0,75.61,"Logical and textual analysis, memorizing legal texts, argumentation and persuasion skills"
Scientific - Math Track,علمي رياضة,تجارة كفر الشيخ,Commerce Kafr Sheikh,310.0,75.61,"Basic financial math, accounting, data analysis, business communication skills"
Scientific - Math Track,علمي رياضة,ألسن أسوان,Al-Alsun (Languages) Aswan,310.0,75.61,"Fluency in foreign languages, translation, strong linguistic memory"
Scientific - Math Track,علمي رياضة,آداب سوهاج,Arts (Humanities) Sohag,310.0,75.61,General analytical and communication skills (recommend checking specific department details)
Scientific - Math Track,علمي رياضة,إعلام القاهرة,Mass Communication Cairo,310.0,75.61,"Writing and editing, communication, broad general knowledge, filming/editing skills depending on track"
Scientific - Math Track,علمي رياضة,فنون جميلة عمارة الإسكندرية,Arts (Fine) Fine Architecture Alexandria,310.0,75.61,"Artistic/design talent, visual creativity, drawing or architectural design skills"
Scientific - Math Track,علمي رياضة,علوم القاهرة,Science Cairo,310.0,75.61,"Analytical scientific thinking, math/chemistry/physics depending on department, scientific research"
Scientific - Math Track,علمي رياضة,زراعة القاهرة,Agriculture Cairo,310.0,75.61,"Biological and chemical understanding, practical fieldwork, soil/crop analysis"
Scientific - Math Track,علمي رياضة,زراعة دمنهور,Agriculture Damanhour,310.0,75.61,"Biological and chemical understanding, practical fieldwork, soil/crop analysis"
Scientific - Math Track,علمي رياضة,زراعة دمياط,Agriculture Damietta,309.0,75.37,"Biological and chemical understanding, practical fieldwork, soil/crop analysis"
Scientific - Math Track,علمي رياضة,تربية تعليم ابتدائي المنصورة,Education Education Primary Mansoura,309.0,75.37,"Teaching and communication skills, patience, basic educational psychology understanding"
Scientific - Math Track,علمي رياضة,ألسن عين شمس,Al-Alsun (Languages) Ain Shams,308.0,75.12,"Fluency in foreign languages, translation, strong linguistic memory"
Scientific - Math Track,علمي رياضة,علوم الارض بني سويف,Science Earth (Sciences) Beni Suef,308.0,75.12,"Analytical scientific thinking, math/chemistry/physics depending on department, scientific research"
Scientific - Math Track,علمي رياضة,تجارة دمياط,Commerce Damietta,308.0,75.12,"Basic financial math, accounting, data analysis, business communication skills"
Scientific - Math Track,علمي رياضة,علوم المنصورة,Science Mansoura,308.0,75.12,"Analytical scientific thinking, math/chemistry/physics depending on department, scientific research"
Scientific - Math Track,علمي رياضة,تربية المنوفية بشبين الكوم,Education Menoufia in Shebin Kom,307.0,74.88,"Teaching and communication skills, patience, basic educational psychology understanding"
Scientific - Math Track,علمي رياضة,تربية طفولة مبكرة الزقازيق,Education Early Childhood Early Zagazig,307.0,74.88,"Educational patience, understanding child development, communication skills with children"
Scientific - Math Track,علمي رياضة,تمريض قناة السويس بالإسماعيلية,Nursing Canal Suez in Ismailia,307.0,74.88,"Humane caregiving, tolerance for physical/psychological stress, precision in following medical instructions"
Scientific - Math Track,علمي رياضة,تمريض عين شمس,Nursing Ain Shams,307.0,74.88,"Humane caregiving, tolerance for physical/psychological stress, precision in following medical instructions"
Scientific - Math Track,علمي رياضة,تمريض مطروح,Nursing Matrouh,306.0,74.63,"Humane caregiving, tolerance for physical/psychological stress, precision in following medical instructions"
Scientific - Math Track,علمي رياضة,تمريض الإسكندرية,Nursing Alexandria,306.0,74.63,"Humane caregiving, tolerance for physical/psychological stress, precision in following medical instructions"
Scientific - Math Track,علمي رياضة,ألسن الفيوم,Al-Alsun (Languages) Fayoum,306.0,74.63,"Fluency in foreign languages, translation, strong linguistic memory"
Scientific - Math Track,علمي رياضة,تربية دمنهور,Education Damanhour,306.0,74.63,"Teaching and communication skills, patience, basic educational psychology understanding"
Scientific - Math Track,علمي رياضة,دار العلوم القاهرة,Dar Al-Uloom Science Cairo,306.0,74.63,"Analytical scientific thinking, math/chemistry/physics depending on department, scientific research"
Scientific - Math Track,علمي رياضة,فنون جميلة عمارة المنصورة,Arts (Fine) Fine Architecture Mansoura,306.0,74.63,"Artistic/design talent, visual creativity, drawing or architectural design skills"
Scientific - Math Track,علمي رياضة,علوم دمنهور,Science Damanhour,305.0,74.39,"Analytical scientific thinking, math/chemistry/physics depending on department, scientific research"
Scientific - Math Track,علمي رياضة,ألسن بني سويف,Al-Alsun (Languages) Beni Suef,305.0,74.39,"Fluency in foreign languages, translation, strong linguistic memory"
Scientific - Math Track,علمي رياضة,علوم عين شمس,Science Ain Shams,304.0,74.15,"Analytical scientific thinking, math/chemistry/physics depending on department, scientific research"
Scientific - Math Track,علمي رياضة,ألسن الأقصر,Al-Alsun (Languages) Luxor,304.0,74.15,"Fluency in foreign languages, translation, strong linguistic memory"
Scientific - Math Track,علمي رياضة,تربية كفر الشيخ,Education Kafr Sheikh,304.0,74.15,"Teaching and communication skills, patience, basic educational psychology understanding"
Scientific - Math Track,علمي رياضة,تجارة قناة السويس بالإسماعيلية,Commerce Canal Suez in Ismailia,303.0,73.9,"Basic financial math, accounting, data analysis, business communication skills"
Scientific - Math Track,علمي رياضة,علوم المنوفية رياضة بشبين الكوم,Science Menoufia Math (track) / Sports in Shebin Kom,303.0,73.9,"Analytical scientific thinking, math/chemistry/physics depending on department, scientific research"
Scientific - Math Track,علمي رياضة,تربية الإسكندرية,Education Alexandria,303.0,73.9,"Teaching and communication skills, patience, basic educational psychology understanding"
Scientific - Math Track,علمي رياضة,تجارة طنطا,Commerce Tanta,303.0,73.9,"Basic financial math, accounting, data analysis, business communication skills"
Scientific - Math Track,علمي رياضة,زراعة الإسكندرية,Agriculture Alexandria,302.0,73.66,"Biological and chemical understanding, practical fieldwork, soil/crop analysis"
Scientific - Math Track,علمي رياضة,علوم الزقازيق,Science Zagazig,302.0,73.66,"Analytical scientific thinking, math/chemistry/physics depending on department, scientific research"
Scientific - Math Track,علمي رياضة,علوم طنطا,Science Tanta,302.0,73.66,"Analytical scientific thinking, math/chemistry/physics depending on department, scientific research"
Scientific - Math Track,علمي رياضة,إعلام المنوفية,Mass Communication Menoufia,302.0,73.66,"Writing and editing, communication, broad general knowledge, filming/editing skills depending on track"
Scientific - Math Track,علمي رياضة,علوم كفر الشيخ,Science Kafr Sheikh,301.0,73.41,"Analytical scientific thinking, math/chemistry/physics depending on department, scientific research"
Scientific - Math Track,علمي رياضة,علوم بنها,Science Banha,301.0,73.41,"Analytical scientific thinking, math/chemistry/physics depending on department, scientific research"
Scientific - Math Track,علمي رياضة,تربية طفولة مبكرة المنصورة,Education Early Childhood Early Mansoura,301.0,73.41,"Educational patience, understanding child development, communication skills with children"
Scientific - Math Track,علمي رياضة,تجارة بور سعيد,Commerce Port Said,301.0,73.41,"Basic financial math, accounting, data analysis, business communication skills"
Scientific - Math Track,علمي رياضة,زراعة طنطا,Agriculture Tanta,301.0,73.41,"Biological and chemical understanding, practical fieldwork, soil/crop analysis"
Scientific - Math Track,علمي رياضة,ألسن جنوب الوادي فرع الغردقة,Al-Alsun (Languages) South Wadi Branch Hurghada,301.0,73.41,"Fluency in foreign languages, translation, strong linguistic memory"
Scientific - Math Track,علمي رياضة,تمريض بني سويف,Nursing Beni Suef,301.0,73.41,"Humane caregiving, tolerance for physical/psychological stress, precision in following medical instructions"
Scientific - Math Track,علمي رياضة,تمريض حلوان,Nursing Helwan,300.0,73.17,"Humane caregiving, tolerance for physical/psychological stress, precision in following medical instructions"
Scientific - Math Track,علمي رياضة,تربية طفولة مبكرة بور سعيد,Education Early Childhood Early Port Said,300.0,73.17,"Educational patience, understanding child development, communication skills with children"
Scientific - Math Track,علمي رياضة,زراعة عين شمس,Agriculture Ain Shams,300.0,73.17,"Biological and chemical understanding, practical fieldwork, soil/crop analysis"
Scientific - Math Track,علمي رياضة,ألسن المنيا,Al-Alsun (Languages) Minya,300.0,73.17,"Fluency in foreign languages, translation, strong linguistic memory"
Scientific - Math Track,علمي رياضة,زراعة الزقازيق,Agriculture Zagazig,299.0,72.93,"Biological and chemical understanding, practical fieldwork, soil/crop analysis"
Scientific - Math Track,علمي رياضة,تجارة بنها,Commerce Banha,299.0,72.93,"Basic financial math, accounting, data analysis, business communication skills"
Scientific - Math Track,علمي رياضة,تربية بنها,Education Banha,299.0,72.93,"Teaching and communication skills, patience, basic educational psychology understanding"
Scientific - Math Track,علمي رياضة,تجارة الإسكندرية,Commerce Alexandria,299.0,72.93,"Basic financial math, accounting, data analysis, business communication skills"
Scientific - Math Track,علمي رياضة,تجارة دمنهور,Commerce Damanhour,299.0,72.93,"Basic financial math, accounting, data analysis, business communication skills"
Scientific - Math Track,علمي رياضة,علوم حلوان,Science Helwan,299.0,72.93,"Analytical scientific thinking, math/chemistry/physics depending on department, scientific research"
Scientific - Math Track,علمي رياضة,تجارة القاهرة,Commerce Cairo,299.0,72.93,"Basic financial math, accounting, data analysis, business communication skills"
Scientific - Math Track,علمي رياضة,تربية عين شمس,Education Ain Shams,299.0,72.93,"Teaching and communication skills, patience, basic educational psychology understanding"
Scientific - Math Track,علمي رياضة,تربية مدينة السادات,Education City of Sadat,298.0,72.68,"Teaching and communication skills, patience, basic educational psychology understanding"
Scientific - Math Track,علمي رياضة,فنون جميلة عمارة المنيا,Arts (Fine) Fine Architecture Minya,298.0,72.68,"Artistic/design talent, visual creativity, drawing or architectural design skills"
Scientific - Math Track,علمي رياضة,فنون جميلة فنون حلوان,Arts (Fine) Fine Arts (Fine) Helwan,298.0,72.68,"Artistic/design talent, visual creativity, drawing or architectural design skills"
Scientific - Math Track,علمي رياضة,علوم دمياط,Science Damietta,298.0,72.68,"Analytical scientific thinking, math/chemistry/physics depending on department, scientific research"
Scientific - Math Track,علمي رياضة,ألسن سوهاج,Al-Alsun (Languages) Sohag,298.0,72.68,"Fluency in foreign languages, translation, strong linguistic memory"
Scientific - Math Track,علمي رياضة,تربية المنيا,Education Minya,298.0,72.68,"Teaching and communication skills, patience, basic educational psychology understanding"
Scientific - Math Track,علمي رياضة,تجارة المنوفية بشبين الكوم,Commerce Menoufia in Shebin Kom,297.0,72.44,"Basic financial math, accounting, data analysis, business communication skills"
Scientific - Math Track,علمي رياضة,تجارة و إدارة أعمال حلوان,Commerce and Management Business Helwan,297.0,72.44,"Basic financial math, accounting, data analysis, business communication skills"
Scientific - Math Track,علمي رياضة,تجارة سوهاج,Commerce Sohag,297.0,72.44,"Basic financial math, accounting, data analysis, business communication skills"
Scientific - Math Track,علمي رياضة,علوم قناة السويس رياضة بالإسماعيلية,Science Canal Suez Math (track) / Sports in Ismailia,297.0,72.44,"Analytical scientific thinking, math/chemistry/physics depending on department, scientific research"
Scientific - Math Track,علمي رياضة,فنون جميلة فنون المنصورة,Arts (Fine) Fine Arts (Fine) Mansoura,297.0,72.44,"Artistic/design talent, visual creativity, drawing or architectural design skills"
Scientific - Math Track,علمي رياضة,تربية تعليم ابتدائي طنطا,Education Education Primary Tanta,297.0,72.44,"Teaching and communication skills, patience, basic educational psychology understanding"
Scientific - Math Track,علمي رياضة,علوم بور سعيد,Science Port Said,297.0,72.44,"Analytical scientific thinking, math/chemistry/physics depending on department, scientific research"
Scientific - Math Track,علمي رياضة,تجارة جنوب الوادي,Commerce South Wadi,296.0,72.2,"Basic financial math, accounting, data analysis, business communication skills"
Scientific - Math Track,علمي رياضة,تجارة عين شمس,Commerce Ain Shams,296.0,72.2,"Basic financial math, accounting, data analysis, business communication skills"
Scientific - Math Track,علمي رياضة,تربية تعليم ابتدائي بور سعيد,Education Education Primary Port Said,296.0,72.2,"Teaching and communication skills, patience, basic educational psychology understanding"
Scientific - Math Track,علمي رياضة,علوم الفيوم,Science Fayoum,296.0,72.2,"Analytical scientific thinking, math/chemistry/physics depending on department, scientific research"
Scientific - Math Track,علمي رياضة,فنون جميلة عمارة أسيوط,Arts (Fine) Fine Architecture Asyut,296.0,72.2,"Artistic/design talent, visual creativity, drawing or architectural design skills"
Scientific - Math Track,علمي رياضة,علوم السويس,Science Suez,296.0,72.2,"Analytical scientific thinking, math/chemistry/physics depending on department, scientific research"
Scientific - Math Track,علمي رياضة,تمريض الفيوم,Nursing Fayoum,296.0,72.2,"Humane caregiving, tolerance for physical/psychological stress, precision in following medical instructions"
Scientific - Math Track,علمي رياضة,تجارة بني سويف,Commerce Beni Suef,295.0,71.95,"Basic financial math, accounting, data analysis, business communication skills"
Scientific - Math Track,علمي رياضة,زراعة كفر الشيخ,Agriculture Kafr Sheikh,295.0,71.95,"Biological and chemical understanding, practical fieldwork, soil/crop analysis"
Scientific - Math Track,علمي رياضة,تجارة انتساب موجه المنصورة,Commerce Affiliated (Distance Program) Mansoura,295.0,71.95,"Basic financial math, accounting, data analysis, business communication skills"
Scientific - Math Track,علمي رياضة,علوم بني سويف,Science Beni Suef,295.0,71.95,"Analytical scientific thinking, math/chemistry/physics depending on department, scientific research"
Scientific - Math Track,علمي رياضة,علوم أسوان,Science Aswan,295.0,71.95,"Analytical scientific thinking, math/chemistry/physics depending on department, scientific research"
Scientific - Math Track,علمي رياضة,زراعة الإسكندرية بسابا باشا,Agriculture Alexandria in Saba Basha,294.0,71.71,"Biological and chemical understanding, practical fieldwork, soil/crop analysis"
Scientific - Math Track,علمي رياضة,تجارة السويس,Commerce Suez,294.0,71.71,"Basic financial math, accounting, data analysis, business communication skills"
Scientific - Math Track,علمي رياضة,تجارة أسوان,Commerce Aswan,293.0,71.46,"Basic financial math, accounting, data analysis, business communication skills"
Scientific - Math Track,علمي رياضة,فنون جميلة فنون المنيا,Arts (Fine) Fine Arts (Fine) Minya,293.0,71.46,"Artistic/design talent, visual creativity, drawing or architectural design skills"
Scientific - Math Track,علمي رياضة,تجارة أسيوط,Commerce Asyut,293.0,71.46,"Basic financial math, accounting, data analysis, business communication skills"
Scientific - Math Track,علمي رياضة,فنون جميلة فنون أسيوط,Arts (Fine) Fine Arts (Fine) Asyut,293.0,71.46,"Artistic/design talent, visual creativity, drawing or architectural design skills"
Scientific - Math Track,علمي رياضة,تجارة مدينة السادات,Commerce City of Sadat,292.0,71.22,"Basic financial math, accounting, data analysis, business communication skills"
Scientific - Math Track,علمي رياضة,إعلام بني سويف,Mass Communication Beni Suef,292.0,71.22,"Writing and editing, communication, broad general knowledge, filming/editing skills depending on track"
Scientific - Math Track,علمي رياضة,فنون جميلة فنون الأقصر,Arts (Fine) Fine Arts (Fine) Luxor,292.0,71.22,"Artistic/design talent, visual creativity, drawing or architectural design skills"
Scientific - Math Track,علمي رياضة,علوم أسيوط,Science Asyut,291.0,70.98,"Analytical scientific thinking, math/chemistry/physics depending on department, scientific research"
Scientific - Math Track,علمي رياضة,علوم المنيا,Science Minya,291.0,70.98,"Analytical scientific thinking, math/chemistry/physics depending on department, scientific research"
Scientific - Math Track,علمي رياضة,تربية رياضية بنين دمياط,Education Sports Boys Damietta,290.0,70.73,"Physical fitness, coaching skills, understanding of movement physiology"
Scientific - Math Track,علمي رياضة,علوم جنوب الوادي,Science South Wadi,290.0,70.73,"Analytical scientific thinking, math/chemistry/physics depending on department, scientific research"
Scientific - Math Track,علمي رياضة,تجارة انتساب موجه الزقازيق,Commerce Affiliated (Distance Program) Zagazig,290.0,70.73,"Basic financial math, accounting, data analysis, business communication skills"
Scientific - Math Track,علمي رياضة,علوم العريش,Science Al-Arish,290.0,70.73,"Analytical scientific thinking, math/chemistry/physics depending on department, scientific research"
Scientific - Math Track,علمي رياضة,زراعة المنوفية بشبين الكوم,Agriculture Menoufia in Shebin Kom,290.0,70.73,"Biological and chemical understanding, practical fieldwork, soil/crop analysis"
Scientific - Math Track,علمي رياضة,علوم الوادي الجديد,Science Wadi New,290.0,70.73,"Analytical scientific thinking, math/chemistry/physics depending on department, scientific research"
Scientific - Math Track,علمي رياضة,زراعة بنها بمشتهر,Agriculture Banha in Mashtohor,289.0,70.49,"Biological and chemical understanding, practical fieldwork, soil/crop analysis"
Scientific - Math Track,علمي رياضة,تربية طفولة مبكرة المنوفية,Education Early Childhood Early Menoufia,289.0,70.49,"Educational patience, understanding child development, communication skills with children"
Scientific - Math Track,علمي رياضة,زراعة القاهرة,Agriculture Cairo,289.0,70.49,"Biological and chemical understanding, practical fieldwork, soil/crop analysis"
Scientific - Math Track,علمي رياضة,تربية تعليم ابتدائي كفر الشيخ,Education Education Primary Kafr Sheikh,289.0,70.49,"Teaching and communication skills, patience, basic educational psychology understanding"
Scientific - Math Track,علمي رياضة,علوم سوهاج,Science Sohag,289.0,70.49,"Analytical scientific thinking, math/chemistry/physics depending on department, scientific research"
Scientific - Math Track,علمي رياضة,علوم بنات عين شمس,Science Girls Ain Shams,289.0,70.49,"Analytical scientific thinking, math/chemistry/physics depending on department, scientific research"
Scientific - Math Track,علمي رياضة,تربية طنطا,Education Tanta,289.0,70.49,"Teaching and communication skills, patience, basic educational psychology understanding"
Scientific - Math Track,علمي رياضة,تربية طفولة كفر الشيخ,Education Early Childhood Kafr Sheikh,287.0,70.0,"Educational patience, understanding child development, communication skills with children"
Scientific - Math Track,علمي رياضة,تجارة انتساب موجه دمياط,Commerce Affiliated (Distance Program) Damietta,287.0,70.0,"Basic financial math, accounting, data analysis, business communication skills"
Scientific - Math Track,علمي رياضة,زراعة سوهاج,Agriculture Sohag,287.0,70.0,"Biological and chemical understanding, practical fieldwork, soil/crop analysis"
Scientific - Math Track,علمي رياضة,تجارة انتساب موجه كفر الشيخ,Commerce Affiliated (Distance Program) Kafr Sheikh,287.0,70.0,"Basic financial math, accounting, data analysis, business communication skills"
Scientific - Math Track,علمي رياضة,تربية سوهاج,Education Sohag,287.0,70.0,"Teaching and communication skills, patience, basic educational psychology understanding"
Scientific - Math Track,علمي رياضة,العلوم الزراعية البيئية العريش,Science Agricultural Environmental Al-Arish,287.0,70.0,"Analytical scientific thinking, math/chemistry/physics depending on department, scientific research"
Scientific - Math Track,علمي رياضة,تربية طفولة مبكرة أسيوط,Education Early Childhood Early Asyut,286.0,69.76,"Educational patience, understanding child development, communication skills with children"
Scientific - Math Track,علمي رياضة,تربية الزقازيق,Education Zagazig,286.0,69.76,"Teaching and communication skills, patience, basic educational psychology understanding"
Scientific - Math Track,علمي رياضة,تربية جنوب الوادي,Education South Wadi,286.0,69.76,"Teaching and communication skills, patience, basic educational psychology understanding"
Scientific - Math Track,علمي رياضة,زراعة الإسكندرية,Agriculture Alexandria,286.0,69.76,"Biological and chemical understanding, practical fieldwork, soil/crop analysis"
Scientific - Math Track,علمي رياضة,زراعة قناة السويس بالإسماعيلية,Agriculture Canal Suez in Ismailia,286.0,69.76,"Biological and chemical understanding, practical fieldwork, soil/crop analysis"
Scientific - Math Track,علمي رياضة,زراعة عين شمس,Agriculture Ain Shams,285.0,69.51,"Biological and chemical understanding, practical fieldwork, soil/crop analysis"
Scientific - Math Track,علمي رياضة,زراعة الفيوم,Agriculture Fayoum,285.0,69.51,"Biological and chemical understanding, practical fieldwork, soil/crop analysis"
Scientific - Math Track,علمي رياضة,تربية تعليم ابتدائي المنوفية,Education Education Primary Menoufia,285.0,69.51,"Teaching and communication skills, patience, basic educational psychology understanding"
Scientific - Math Track,علمي رياضة,زراعة مطروح بفوكه,Agriculture Matrouh in Foka,285.0,69.51,"Biological and chemical understanding, practical fieldwork, soil/crop analysis"
Scientific - Math Track,علمي رياضة,تمريض أسوان,Nursing Aswan,284.0,69.27,"Humane caregiving, tolerance for physical/psychological stress, precision in following medical instructions"
Scientific - Math Track,علمي رياضة,تربية طفولة طنطا,Education Early Childhood Tanta,284.0,69.27,"Educational patience, understanding child development, communication skills with children"
Scientific - Math Track,علمي رياضة,تجارة انتساب موجه الإسكندرية,Commerce Affiliated (Distance Program) Alexandria,284.0,69.27,"Basic financial math, accounting, data analysis, business communication skills"
Scientific - Math Track,علمي رياضة,تجارة انتساب موجه طنطا,Commerce Affiliated (Distance Program) Tanta,284.0,69.27,"Basic financial math, accounting, data analysis, business communication skills"
Scientific - Math Track,علمي رياضة,تجارة انتساب موجه القاهرة,Commerce Affiliated (Distance Program) Cairo,283.0,69.02,"Basic financial math, accounting, data analysis, business communication skills"
Scientific - Math Track,علمي رياضة,تربية الفيوم,Education Fayoum,283.0,69.02,"Teaching and communication skills, patience, basic educational psychology understanding"
Scientific - Math Track,علمي رياضة,تربية بور سعيد,Education Port Said,283.0,69.02,"Teaching and communication skills, patience, basic educational psychology understanding"
Scientific - Math Track,علمي رياضة,تربية جنوب الوادي بالغردقة,Education South Wadi in Hurghada,283.0,69.02,"Teaching and communication skills, patience, basic educational psychology understanding"
Scientific - Math Track,علمي رياضة,تربية أسيوط,Education Asyut,282.0,68.78,"Teaching and communication skills, patience, basic educational psychology understanding"
Scientific - Math Track,علمي رياضة,زراعة بني سويف,Agriculture Beni Suef,282.0,68.78,"Biological and chemical understanding, practical fieldwork, soil/crop analysis"
Scientific - Math Track,علمي رياضة,تجارة انتساب موجه دمنهور,Commerce Affiliated (Distance Program) Damanhour,282.0,68.78,"Basic financial math, accounting, data analysis, business communication skills"
Scientific - Math Track,علمي رياضة,تجارة انتساب موجه بور سعيد,Commerce Affiliated (Distance Program) Port Said,282.0,68.78,"Basic financial math, accounting, data analysis, business communication skills"
Scientific - Math Track,علمي رياضة,تجارة انتساب موجه بنها,Commerce Affiliated (Distance Program) Banha,282.0,68.78,"Basic financial math, accounting, data analysis, business communication skills"
Scientific - Math Track,علمي رياضة,تربية مطروح,Education Matrouh,281.0,68.54,"Teaching and communication skills, patience, basic educational psychology understanding"
Scientific - Math Track,علمي رياضة,زراعة و موارد طبيعية أسوان,Agriculture and Resources Natural Aswan,281.0,68.54,"High focus and memorization, empathy and human communication, stress tolerance, reading scientific research in English"
Scientific - Math Track,علمي رياضة,تجارة انتساب موجه عين شمس,Commerce Affiliated (Distance Program) Ain Shams,281.0,68.54,"Basic financial math, accounting, data analysis, business communication skills"
Scientific - Math Track,علمي رياضة,تجارة انتساب موجه المنوفية بشبين الكوم,Commerce Affiliated (Distance Program) Menoufia in Shebin Kom,281.0,68.54,"Basic financial math, accounting, data analysis, business communication skills"
Scientific - Math Track,علمي رياضة,تربية تعليم ابتدائي المنيا,Education Education Primary Minya,281.0,68.54,"Teaching and communication skills, patience, basic educational psychology understanding"
Scientific - Math Track,علمي رياضة,زراعة الوادي الجديد,Agriculture Wadi New,281.0,68.54,"Biological and chemical understanding, practical fieldwork, soil/crop analysis"
Scientific - Math Track,علمي رياضة,تربية تعليم ابتدائي دمنهور,Education Education Primary Damanhour,281.0,68.54,"Teaching and communication skills, patience, basic educational psychology understanding"
Scientific - Math Track,علمي رياضة,تربية عين شمس,Education Ain Shams,281.0,68.54,"Teaching and communication skills, patience, basic educational psychology understanding"
Scientific - Math Track,علمي رياضة,حقوق المنيا,Law Minya,281.0,68.54,"Logical and textual analysis, memorizing legal texts, argumentation and persuasion skills"
Scientific - Math Track,علمي رياضة,زراعة أسيوط,Agriculture Asyut,281.0,68.54,"Biological and chemical understanding, practical fieldwork, soil/crop analysis"
Scientific - Math Track,علمي رياضة,زراعة جنوب الوادي,Agriculture South Wadi,280.0,68.29,"Biological and chemical understanding, practical fieldwork, soil/crop analysis"
Scientific - Math Track,علمي رياضة,حقوق سوهاج,Law Sohag,280.0,68.29,"Logical and textual analysis, memorizing legal texts, argumentation and persuasion skills"
Scientific - Math Track,علمي رياضة,تجارة و إدارة أعمال انتساب موجه حلوان,Commerce and Management Business Affiliated (Distance Program) Helwan,280.0,68.29,"Basic financial math, accounting, data analysis, business communication skills"
Scientific - Math Track,علمي رياضة,تجارة انتساب موجه قناة السويس بالإسماعيلية,Commerce Affiliated (Distance Program) Canal Suez in Ismailia,280.0,68.29,"Basic financial math, accounting, data analysis, business communication skills"
Scientific - Math Track,علمي رياضة,زراعة المنيا,Agriculture Minya,280.0,68.29,"Biological and chemical understanding, practical fieldwork, soil/crop analysis"
Scientific - Math Track,علمي رياضة,تربية المنصورة,Education Mansoura,279.0,68.05,"Teaching and communication skills, patience, basic educational psychology understanding"
Scientific - Math Track,علمي رياضة,إعلام جنوب الوادي,Mass Communication South Wadi,279.0,68.05,"Writing and editing, communication, broad general knowledge, filming/editing skills depending on track"
Scientific - Math Track,علمي رياضة,تجارة انتساب موجه مدينة السادات,Commerce Affiliated (Distance Program) City of Sadat,278.0,67.8,"Basic financial math, accounting, data analysis, business communication skills"
Scientific - Math Track,علمي رياضة,تربية تعليم ابتدائي مدينة السادات,Education Education Primary City of Sadat,278.0,67.8,"Teaching and communication skills, patience, basic educational psychology understanding"
Scientific - Math Track,علمي رياضة,تربية الإسكندرية,Education Alexandria,278.0,67.8,"Teaching and communication skills, patience, basic educational psychology understanding"
Scientific - Math Track,علمي رياضة,تربية حلوان,Education Helwan,278.0,67.8,"Teaching and communication skills, patience, basic educational psychology understanding"
Scientific - Math Track,علمي رياضة,تربية قناة السويس بالإسماعيلية,Education Canal Suez in Ismailia,278.0,67.8,"Teaching and communication skills, patience, basic educational psychology understanding"
Scientific - Math Track,علمي رياضة,تربية طفولة مبكرة الإسكندرية,Education Early Childhood Early Alexandria,278.0,67.8,"Educational patience, understanding child development, communication skills with children"
Scientific - Math Track,علمي رياضة,تجارة انتساب موجه بني سويف,Commerce Affiliated (Distance Program) Beni Suef,278.0,67.8,"Basic financial math, accounting, data analysis, business communication skills"
Scientific - Math Track,علمي رياضة,تجارة انتساب موجه أسوان,Commerce Affiliated (Distance Program) Aswan,278.0,67.8,"Basic financial math, accounting, data analysis, business communication skills"
Scientific - Math Track,علمي رياضة,تجارة انتساب موجه أسيوط,Commerce Affiliated (Distance Program) Asyut,277.0,67.56,"Basic financial math, accounting, data analysis, business communication skills"
Scientific - Math Track,علمي رياضة,تجارة انتساب موجه السويس,Commerce Affiliated (Distance Program) Suez,277.0,67.56,"Basic financial math, accounting, data analysis, business communication skills"
Scientific - Math Track,علمي رياضة,زراعة المنصورة,Agriculture Mansoura,277.0,67.56,"Biological and chemical understanding, practical fieldwork, soil/crop analysis"
Scientific - Math Track,علمي رياضة,تربية نوعية الزقازيق,Education Specific/Specialized Zagazig,277.0,67.56,"Artistic/musical/technical skills depending on specialization, practical education"
Scientific - Math Track,علمي رياضة,تربية طفولة مبكرة دمنهور,Education Early Childhood Early Damanhour,277.0,67.56,"Educational patience, understanding child development, communication skills with children"
Scientific - Math Track,علمي رياضة,تجارة انتساب موجه جنوب الوادي,Commerce Affiliated (Distance Program) South Wadi,277.0,67.56,"Basic financial math, accounting, data analysis, business communication skills"
Scientific - Math Track,علمي رياضة,تربية المنوفية رياضة بشبين الكوم,Education Menoufia Math (track) / Sports in Shebin Kom,276.0,67.32,"Teaching and communication skills, patience, basic educational psychology understanding"
Scientific - Math Track,علمي رياضة,تربية تعليم ابتدائي الإسكندرية,Education Education Primary Alexandria,276.0,67.32,"Teaching and communication skills, patience, basic educational psychology understanding"
Scientific - Math Track,علمي رياضة,تجارة انتساب موجه العريش,Commerce Affiliated (Distance Program) Al-Arish,276.0,67.32,"Basic financial math, accounting, data analysis, business communication skills"
Scientific - Math Track,علمي رياضة,زراعة دمياط,Agriculture Damietta,276.0,67.32,"Biological and chemical understanding, practical fieldwork, soil/crop analysis"
Scientific - Math Track,علمي رياضة,زراعة كفر الشيخ,Agriculture Kafr Sheikh,276.0,67.32,"Biological and chemical understanding, practical fieldwork, soil/crop analysis"
Scientific - Math Track,علمي رياضة,تجارة انتساب موجه سوهاج,Commerce Affiliated (Distance Program) Sohag,276.0,67.32,"Basic financial math, accounting, data analysis, business communication skills"
Scientific - Math Track,علمي رياضة,تربية السويس,Education Suez,276.0,67.32,"Teaching and communication skills, patience, basic educational psychology understanding"
Scientific - Math Track,علمي رياضة,حقوق دمياط,Law Damietta,275.0,67.07,"Logical and textual analysis, memorizing legal texts, argumentation and persuasion skills"
Scientific - Math Track,علمي رياضة,تربية طفولة مبكرة مدينة السادات,Education Early Childhood Early City of Sadat,275.0,67.07,"Educational patience, understanding child development, communication skills with children"
Scientific - Math Track,علمي رياضة,دار العلوم الفيوم,Dar Al-Uloom Science Fayoum,275.0,67.07,"Analytical scientific thinking, math/chemistry/physics depending on department, scientific research"
Scientific - Math Track,علمي رياضة,تربية حلوان,Education Helwan,275.0,67.07,"Teaching and communication skills, patience, basic educational psychology understanding"
Scientific - Math Track,علمي رياضة,تربية بنات عين شمس,Education Girls Ain Shams,274.0,66.83,"Teaching and communication skills, patience, basic educational psychology understanding"
Scientific - Math Track,علمي رياضة,إعلام القاهرة,Mass Communication Cairo,274.0,66.83,"Writing and editing, communication, broad general knowledge, filming/editing skills depending on track"
Scientific - Math Track,علمي رياضة,تربية طفولة مبكرة القاهرة,Education Early Childhood Early Cairo,273.0,66.59,"Educational patience, understanding child development, communication skills with children"
Scientific - Math Track,علمي رياضة,تربية نوعية طنطا,Education Specific/Specialized Tanta,273.0,66.59,"Artistic/musical/technical skills depending on specialization, practical education"
Scientific - Math Track,علمي رياضة,آداب القاهرة,Arts (Humanities) Cairo,273.0,66.59,General analytical and communication skills (recommend checking specific department details)
Scientific - Math Track,علمي رياضة,تربية نوعية كفر الشيخ,Education Specific/Specialized Kafr Sheikh,273.0,66.59,"Artistic/musical/technical skills depending on specialization, practical education"
Scientific - Math Track,علمي رياضة,تربية طفولة مبكرة الفيوم,Education Early Childhood Early Fayoum,272.0,66.34,"Educational patience, understanding child development, communication skills with children"
Scientific - Math Track,علمي رياضة,تربية تعليم ابتدائي بنها,Education Education Primary Banha,272.0,66.34,"Teaching and communication skills, patience, basic educational psychology understanding"
Scientific - Math Track,علمي رياضة,حقوق انتساب موجه الزقازيق,Law Affiliated (Distance Program) Zagazig,272.0,66.34,"Logical and textual analysis, memorizing legal texts, argumentation and persuasion skills"
Scientific - Math Track,علمي رياضة,دار العلوم أسوان,Dar Al-Uloom Science Aswan,271.0,66.1,"Analytical scientific thinking, math/chemistry/physics depending on department, scientific research"
Scientific - Math Track,علمي رياضة,تربية الوادي الجديد,Education Wadi New,271.0,66.1,"Teaching and communication skills, patience, basic educational psychology understanding"
Scientific - Math Track,علمي رياضة,زراعة الزقازيق,Agriculture Zagazig,271.0,66.1,"Biological and chemical understanding, practical fieldwork, soil/crop analysis"
Scientific - Math Track,علمي رياضة,آداب المنصورة,Arts (Humanities) Mansoura,271.0,66.1,General analytical and communication skills (recommend checking specific department details)
Scientific - Math Track,علمي رياضة,تربية بني سويف,Education Beni Suef,270.0,65.85,"Teaching and communication skills, patience, basic educational psychology understanding"
Scientific - Math Track,علمي رياضة,تربية طفولة مبكرة المنيا,Education Early Childhood Early Minya,270.0,65.85,"Educational patience, understanding child development, communication skills with children"
Scientific - Math Track,علمي رياضة,تربية طفولة مبكرة مطروح,Education Early Childhood Early Matrouh,270.0,65.85,"Educational patience, understanding child development, communication skills with children"
Scientific - Math Track,علمي رياضة,تربية بنها,Education Banha,269.0,65.61,"Teaching and communication skills, patience, basic educational psychology understanding"
Scientific - Math Track,علمي رياضة,تربية العريش,Education Al-Arish,269.0,65.61,"Teaching and communication skills, patience, basic educational psychology understanding"
Scientific - Math Track,علمي رياضة,تربية تعليم ابتدائي عين شمس,Education Education Primary Ain Shams,269.0,65.61,"Teaching and communication skills, patience, basic educational psychology understanding"
Scientific - Math Track,علمي رياضة,دار العلوم المنيا,Dar Al-Uloom Science Minya,269.0,65.61,"Analytical scientific thinking, math/chemistry/physics depending on department, scientific research"
Scientific - Math Track,علمي رياضة,تربية طفولة مبكرة بني سويف,Education Early Childhood Early Beni Suef,268.0,65.37,"Educational patience, understanding child development, communication skills with children"
Scientific - Math Track,علمي رياضة,تربية تعليم ابتدائي أسيوط,Education Education Primary Asyut,268.0,65.37,"Teaching and communication skills, patience, basic educational psychology understanding"
Scientific - Math Track,علمي رياضة,تربية نوعية الإسكندرية,Education Specific/Specialized Alexandria,267.0,65.12,"Artistic/musical/technical skills depending on specialization, practical education"
Scientific - Math Track,علمي رياضة,تربية نوعية المنصورة,Education Specific/Specialized Mansoura,267.0,65.12,"Artistic/musical/technical skills depending on specialization, practical education"
Scientific - Math Track,علمي رياضة,آداب الزقازيق,Arts (Humanities) Zagazig,267.0,65.12,General analytical and communication skills (recommend checking specific department details)
Scientific - Math Track,علمي رياضة,حقوق انتساب موجه كفر الشيخ,Law Affiliated (Distance Program) Kafr Sheikh,266.0,64.88,"Logical and textual analysis, memorizing legal texts, argumentation and persuasion skills"
Scientific - Math Track,علمي رياضة,زراعة الفيوم,Agriculture Fayoum,265.0,64.63,"Biological and chemical understanding, practical fieldwork, soil/crop analysis"
Scientific - Math Track,علمي رياضة,تربية طفولة الإسكندرية,Education Early Childhood Alexandria,265.0,64.63,"Educational patience, understanding child development, communication skills with children"
Scientific - Math Track,علمي رياضة,تربية الفيوم,Education Fayoum,265.0,64.63,"Teaching and communication skills, patience, basic educational psychology understanding"
Scientific - Math Track,علمي رياضة,تربية مدينة السادات,Education City of Sadat,264.0,64.39,"Teaching and communication skills, patience, basic educational psychology understanding"
Scientific - Math Track,علمي رياضة,زراعة المنوفية رياضة بشبين الكوم,Agriculture Menoufia Math (track) / Sports in Shebin Kom,264.0,64.39,"Biological and chemical understanding, practical fieldwork, soil/crop analysis"
Scientific - Math Track,علمي رياضة,زراعة و موارد طبيعية أسوان,Agriculture and Resources Natural Aswan,264.0,64.39,"High focus and memorization, empathy and human communication, stress tolerance, reading scientific research in English"
Scientific - Math Track,علمي رياضة,تربية طفولة دمنهور,Education Early Childhood Damanhour,264.0,64.39,"Educational patience, understanding child development, communication skills with children"
Scientific - Math Track,علمي رياضة,تربية نوعية المنيا,Education Specific/Specialized Minya,264.0,64.39,"Artistic/musical/technical skills depending on specialization, practical education"
Scientific - Math Track,علمي رياضة,إعلام المنوفية,Mass Communication Menoufia,263.0,64.15,"Writing and editing, communication, broad general knowledge, filming/editing skills depending on track"
Scientific - Math Track,علمي رياضة,آداب بنها,Arts (Humanities) Banha,263.0,64.15,General analytical and communication skills (recommend checking specific department details)
Scientific - Math Track,علمي رياضة,زراعة بنها رياضة بمشتهر,Agriculture Banha Math (track) / Sports in Mashtohor,263.0,64.15,"Biological and chemical understanding, practical fieldwork, soil/crop analysis"
Scientific - Math Track,علمي رياضة,حقوق الإسكندرية,Law Alexandria,261.0,63.66,"Logical and textual analysis, memorizing legal texts, argumentation and persuasion skills"
Scientific - Math Track,علمي رياضة,زراعة قناة السويس رياضة بالإسماعيلية,Agriculture Canal Suez Math (track) / Sports in Ismailia,261.0,63.66,"Biological and chemical understanding, practical fieldwork, soil/crop analysis"
Scientific - Math Track,علمي رياضة,تربية تعليم ابتدائي حلوان,Education Education Primary Helwan,260.0,63.41,"Teaching and communication skills, patience, basic educational psychology understanding"
Scientific - Math Track,علمي رياضة,حقوق القاهرة,Law Cairo,260.0,63.41,"Logical and textual analysis, memorizing legal texts, argumentation and persuasion skills"
Scientific - Math Track,علمي رياضة,تربية تعليم ابتدائي بنات عين شمس,Education Education Primary Girls Ain Shams,260.0,63.41,"Teaching and communication skills, patience, basic educational psychology understanding"
Scientific - Math Track,علمي رياضة,آداب عين شمس,Arts (Humanities) Ain Shams,259.0,63.17,General analytical and communication skills (recommend checking specific department details)
Scientific - Math Track,علمي رياضة,حقوق جنوب الوادي,Law South Wadi,259.0,63.17,"Logical and textual analysis, memorizing legal texts, argumentation and persuasion skills"
Scientific - Math Track,علمي رياضة,تربية تعليم ابتدائي الفيوم,Education Education Primary Fayoum,259.0,63.17,"Teaching and communication skills, patience, basic educational psychology understanding"
Scientific - Math Track,علمي رياضة,سياحة وفنادق الإسكندرية,Tourism and Hotels Alexandria,258.0,62.93,"Foreign languages, hospitality and customer service, event management"
Scientific - Math Track,علمي رياضة,آداب طنطا,Arts (Humanities) Tanta,258.0,62.93,General analytical and communication skills (recommend checking specific department details)
Scientific - Math Track,علمي رياضة,تربية دمياط,Education Damietta,258.0,62.93,"Teaching and communication skills, patience, basic educational psychology understanding"
Scientific - Math Track,علمي رياضة,حقوق بني سويف,Law Beni Suef,258.0,62.93,"Logical and textual analysis, memorizing legal texts, argumentation and persuasion skills"
Scientific - Math Track,علمي رياضة,آداب بور سعيد,Arts (Humanities) Port Said,258.0,62.93,General analytical and communication skills (recommend checking specific department details)
Scientific - Math Track,علمي رياضة,آداب كفر الشيخ,Arts (Humanities) Kafr Sheikh,257.0,62.68,General analytical and communication skills (recommend checking specific department details)
Scientific - Math Track,علمي رياضة,آداب المنوفية بشبين الكوم,Arts (Humanities) Menoufia in Shebin Kom,257.0,62.68,General analytical and communication skills (recommend checking specific department details)
Scientific - Math Track,علمي رياضة,أقتصاد منزلى العريش,Economics Home (Economics) Al-Arish,257.0,62.68,General analytical and communication skills (recommend checking specific department details)
Scientific - Math Track,علمي رياضة,تربية بنات عين شمس,Education Girls Ain Shams,257.0,62.68,"Teaching and communication skills, patience, basic educational psychology understanding"
Scientific - Math Track,علمي رياضة,حقوق عين شمس,Law Ain Shams,257.0,62.68,"Logical and textual analysis, memorizing legal texts, argumentation and persuasion skills"
Scientific - Math Track,علمي رياضة,تربية نوعية أسيوط,Education Specific/Specialized Asyut,255.0,62.2,"Artistic/musical/technical skills depending on specialization, practical education"
Scientific - Math Track,علمي رياضة,آداب دمنهور,Arts (Humanities) Damanhour,255.0,62.2,General analytical and communication skills (recommend checking specific department details)
Scientific - Math Track,علمي رياضة,حقوق الفيوم,Law Fayoum,255.0,62.2,"Logical and textual analysis, memorizing legal texts, argumentation and persuasion skills"
Scientific - Math Track,علمي رياضة,حقوق المنصورة,Law Mansoura,254.0,61.95,"Logical and textual analysis, memorizing legal texts, argumentation and persuasion skills"
Scientific - Math Track,علمي رياضة,آداب حلوان,Arts (Humanities) Helwan,254.0,61.95,General analytical and communication skills (recommend checking specific department details)
Scientific - Math Track,علمي رياضة,حقوق أسيوط,Law Asyut,254.0,61.95,"Logical and textual analysis, memorizing legal texts, argumentation and persuasion skills"
Scientific - Math Track,علمي رياضة,تربية طفولة عين شمس,Education Early Childhood Ain Shams,254.0,61.95,"Educational patience, understanding child development, communication skills with children"
Scientific - Math Track,علمي رياضة,حقوق أسوان,Law Aswan,253.0,61.71,"Logical and textual analysis, memorizing legal texts, argumentation and persuasion skills"
Scientific - Math Track,علمي رياضة,تربية تعليم ابتدائي جنوب الوادي,Education Education Primary South Wadi,253.0,61.71,"Teaching and communication skills, patience, basic educational psychology understanding"
Scientific - Math Track,علمي رياضة,آداب و علوم إنسانية قناة السويس بالإسماعيلية,Arts (Humanities) and Science Humanities Canal Suez in Ismailia,253.0,61.71,"Analytical scientific thinking, math/chemistry/physics depending on department, scientific research"
Scientific - Math Track,علمي رياضة,حقوق بنها,Law Banha,252.0,61.46,"Logical and textual analysis, memorizing legal texts, argumentation and persuasion skills"
Scientific - Math Track,علمي رياضة,حقوق طنطا,Law Tanta,252.0,61.46,"Logical and textual analysis, memorizing legal texts, argumentation and persuasion skills"
Scientific - Math Track,علمي رياضة,تربية دمنهور,Education Damanhour,251.0,61.22,"Teaching and communication skills, patience, basic educational psychology understanding"
Scientific - Math Track,علمي رياضة,آداب انتساب موجه الإسكندرية,Arts (Humanities) Affiliated (Distance Program) Alexandria,250.0,60.98,General analytical and communication skills (recommend checking specific department details)
Scientific - Math Track,علمي رياضة,أقتصاد منزلى بنات عين شمس,Economics Home (Economics) Girls Ain Shams,250.0,60.98,General analytical and communication skills (recommend checking specific department details)
Scientific - Math Track,علمي رياضة,تربية نوعية القاهرة,Education Specific/Specialized Cairo,250.0,60.98,"Artistic/musical/technical skills depending on specialization, practical education"
Scientific - Math Track,علمي رياضة,آداب الفيوم,Arts (Humanities) Fayoum,250.0,60.98,General analytical and communication skills (recommend checking specific department details)
Scientific - Math Track,علمي رياضة,آداب و علوم إنسانية السويس,Arts (Humanities) and Science Humanities Suez,250.0,60.98,"Analytical scientific thinking, math/chemistry/physics depending on department, scientific research"
Scientific - Math Track,علمي رياضة,تربية طفولة حلوان رياض أطفال,Education Early Childhood Helwan Kindergarten Children,250.0,60.98,"Educational patience, understanding child development, communication skills with children"
Scientific - Math Track,علمي رياضة,آداب دمياط,Arts (Humanities) Damietta,249.0,60.73,General analytical and communication skills (recommend checking specific department details)
Scientific - Math Track,علمي رياضة,آداب انتساب موجه القاهرة,Arts (Humanities) Affiliated (Distance Program) Cairo,249.0,60.73,General analytical and communication skills (recommend checking specific department details)
Scientific - Math Track,علمي رياضة,آداب انتساب موجه الزقازيق,Arts (Humanities) Affiliated (Distance Program) Zagazig,249.0,60.73,General analytical and communication skills (recommend checking specific department details)
Scientific - Math Track,علمي رياضة,حقوق حلوان,Law Helwan,248.0,60.49,"Logical and textual analysis, memorizing legal texts, argumentation and persuasion skills"
Scientific - Math Track,علمي رياضة,تربية نوعية جنوب الوادي,Education Specific/Specialized South Wadi,248.0,60.49,"Artistic/musical/technical skills depending on specialization, practical education"
Scientific - Math Track,علمي رياضة,آداب أسوان,Arts (Humanities) Aswan,248.0,60.49,General analytical and communication skills (recommend checking specific department details)
Scientific - Math Track,علمي رياضة,آداب بنات عين شمس,Arts (Humanities) Girls Ain Shams,248.0,60.49,General analytical and communication skills (recommend checking specific department details)
Scientific - Math Track,علمي رياضة,تربية طفولة جنوب الوادي,Education Early Childhood South Wadi,247.0,60.24,"Educational patience, understanding child development, communication skills with children"
Scientific - Math Track,علمي رياضة,تربية تعليم ابتدائي بني سويف,Education Education Primary Beni Suef,247.0,60.24,"Teaching and communication skills, patience, basic educational psychology understanding"
Scientific - Math Track,علمي رياضة,آداب العريش,Arts (Humanities) Al-Arish,247.0,60.24,General analytical and communication skills (recommend checking specific department details)
Scientific - Math Track,علمي رياضة,حقوق المنوفية بشبين الكوم,Law Menoufia in Shebin Kom,247.0,60.24,"Logical and textual analysis, memorizing legal texts, argumentation and persuasion skills"
Scientific - Math Track,علمي رياضة,إعلام بني سويف,Mass Communication Beni Suef,247.0,60.24,"Writing and editing, communication, broad general knowledge, filming/editing skills depending on track"
Scientific - Math Track,علمي رياضة,سياحة وفنادق حلوان بالمنيل,Tourism and Hotels Helwan in Al-Manial,246.0,60.0,"Foreign languages, hospitality and customer service, event management"
Scientific - Math Track,علمي رياضة,سياحة وفنادق الفيوم,Tourism and Hotels Fayoum,246.0,60.0,"Foreign languages, hospitality and customer service, event management"
Scientific - Math Track,علمي رياضة,سياحة وفنادق مدينة السادات,Tourism and Hotels City of Sadat,246.0,60.0,"Foreign languages, hospitality and customer service, event management"
Scientific - Math Track,علمي رياضة,إعلام جنوب الوادي,Mass Communication South Wadi,246.0,60.0,"Writing and editing, communication, broad general knowledge, filming/editing skills depending on track"
Scientific - Math Track,علمي رياضة,إعلام وتكنولوجيا اتصال السويس,Mass Communication and Technology Communication Suez,246.0,60.0,"Writing and editing, communication, broad general knowledge, filming/editing skills depending on track"
Scientific - Math Track,علمي رياضة,سياحة وفنادق قناة السويس بالإسماعيلية,Tourism and Hotels Canal Suez in Ismailia,246.0,60.0,"Foreign languages, hospitality and customer service, event management"
Scientific - Math Track,علمي رياضة,سياحه وفنادق الاقصر,Tourism and Hotels Luxor,246.0,60.0,General analytical and communication skills (recommend checking specific department details)
Scientific - Math Track,علمي رياضة,آداب بني سويف,Arts (Humanities) Beni Suef,246.0,60.0,General analytical and communication skills (recommend checking specific department details)
Scientific - Math Track,علمي رياضة,سياحة وفنادق المنصورة,Tourism and Hotels Mansoura,246.0,60.0,"Foreign languages, hospitality and customer service, event management"
Scientific - Math Track,علمي رياضة,سياحة وفنادق مطروح,Tourism and Hotels Matrouh,246.0,60.0,"Foreign languages, hospitality and customer service, event management"
Scientific - Math Track,علمي رياضة,سياحة وفنادق المنيا,Tourism and Hotels Minya,246.0,60.0,"Foreign languages, hospitality and customer service, event management"
Scientific - Math Track,علمي رياضة,آداب المنيا,Arts (Humanities) Minya,246.0,60.0,General analytical and communication skills (recommend checking specific department details)
Scientific - Math Track,علمي رياضة,حقوق مدينة السادات,Law City of Sadat,246.0,60.0,"Logical and textual analysis, memorizing legal texts, argumentation and persuasion skills"
Scientific - Math Track,علمي رياضة,آداب أسيوط,Arts (Humanities) Asyut,246.0,60.0,General analytical and communication skills (recommend checking specific department details)
Scientific - Math Track,علمي رياضة,سياحة وفنادق بني سويف,Tourism and Hotels Beni Suef,246.0,60.0,"Foreign languages, hospitality and customer service, event management"
Scientific - Math Track,علمي رياضة,أقتصاد منزلى المنوفية بشبين الكوم,Economics Home (Economics) Menoufia in Shebin Kom,246.0,60.0,General analytical and communication skills (recommend checking specific department details)
Scientific - Math Track,علمي رياضة,آداب الوادي الجديد,Arts (Humanities) Wadi New,246.0,60.0,General analytical and communication skills (recommend checking specific department details)
Scientific - Math Track,علمي رياضة,آداب جنوب الوادي,Arts (Humanities) South Wadi,246.0,60.0,General analytical and communication skills (recommend checking specific department details)
Scientific - Math Track,علمي رياضة,آداب سوهاج,Arts (Humanities) Sohag,246.0,60.0,General analytical and communication skills (recommend checking specific department details)
Literary Track,أدبي,اقتصاد و علوم سياسية القاهرة,Economics and Science Political Cairo,354.0,86.34,"Analytical scientific thinking, math/chemistry/physics depending on department, scientific research"
Literary Track,أدبي,ألسن كفر الشيخ,Al-Alsun (Languages) Kafr Sheikh,351.0,85.61,"Fluency in foreign languages, translation, strong linguistic memory"
Literary Track,أدبي,الدراسات الاقتصادية و العلوم السياسة الإسكندرية,Studies Economic and Science Political Alexandria,348.0,84.88,"Analytical scientific thinking, math/chemistry/physics depending on department, scientific research"
Literary Track,أدبي,سياسة واقتصاد السويس,Politics and Economics Suez,345.0,84.15,"Critical analysis, academic writing, economic/political understanding"
Literary Track,أدبي,سياسة واقتصاد بني سويف,Politics and Economics Beni Suef,340.0,82.93,"Critical analysis, academic writing, economic/political understanding"
Literary Track,أدبي,ألسن قناة السويس بالإسماعيلية,Al-Alsun (Languages) Canal Suez in Ismailia,338.0,82.44,"Fluency in foreign languages, translation, strong linguistic memory"
Literary Track,أدبي,ألسن عين شمس,Al-Alsun (Languages) Ain Shams,338.0,82.44,"Fluency in foreign languages, translation, strong linguistic memory"
Literary Track,أدبي,ألسن الفيوم,Al-Alsun (Languages) Fayoum,337.0,82.2,"Fluency in foreign languages, translation, strong linguistic memory"
Literary Track,أدبي,ألسن جنوب الوادي فرع الغردقة,Al-Alsun (Languages) South Wadi Branch Hurghada,333.0,81.22,"Fluency in foreign languages, translation, strong linguistic memory"
Literary Track,أدبي,ألسن بني سويف,Al-Alsun (Languages) Beni Suef,333.0,81.22,"Fluency in foreign languages, translation, strong linguistic memory"
Literary Track,أدبي,ألسن المنيا,Al-Alsun (Languages) Minya,332.0,80.98,"Fluency in foreign languages, translation, strong linguistic memory"
Literary Track,أدبي,ألسن سوهاج,Al-Alsun (Languages) Sohag,331.0,80.73,"Fluency in foreign languages, translation, strong linguistic memory"
Literary Track,أدبي,إعلام القاهرة,Mass Communication Cairo,330.0,80.49,"Writing and editing, communication, broad general knowledge, filming/editing skills depending on track"
Literary Track,أدبي,ألسن أسوان,Al-Alsun (Languages) Aswan,330.0,80.49,"Fluency in foreign languages, translation, strong linguistic memory"
Literary Track,أدبي,ألسن الأقصر,Al-Alsun (Languages) Luxor,329.0,80.24,"Fluency in foreign languages, translation, strong linguistic memory"
Literary Track,أدبي,الاعاقة والتأهيل الزقازيق,Disability and Rehabilitation Zagazig,328.0,80.0,"High empathy, patience, specialized communication skills, rehabilitative psychological understanding"
Literary Track,أدبي,إعلام المنوفية,Mass Communication Menoufia,327.0,79.76,"Writing and editing, communication, broad general knowledge, filming/editing skills depending on track"
Literary Track,أدبي,آثار دمياط,Archaeology Damietta,326.0,79.51,"Historical preservation, linguistic/historical analysis, research patience, sometimes ancient languages"
Literary Track,أدبي,آثار عين شمس,Archaeology Ain Shams,324.0,79.02,"Historical preservation, linguistic/historical analysis, research patience, sometimes ancient languages"
Literary Track,أدبي,آثار القاهرة,Archaeology Cairo,323.0,78.78,"Historical preservation, linguistic/historical analysis, research patience, sometimes ancient languages"
Literary Track,أدبي,تكنولوجيا الادارة ونظم المعلومات بور سعيد,Technology Management and Systems Information Port Said,323.0,78.78,"Analytical scientific thinking, math/chemistry/physics depending on department, scientific research"
Literary Track,أدبي,حقوق سوهاج,Law Sohag,323.0,78.78,"Logical and textual analysis, memorizing legal texts, argumentation and persuasion skills"
Literary Track,أدبي,إعلام بني سويف,Mass Communication Beni Suef,321.0,78.29,"Writing and editing, communication, broad general knowledge, filming/editing skills depending on track"
Literary Track,أدبي,آثار و لغات مطروح,Archaeology and Languages Matrouh,320.0,78.05,"Historical preservation, linguistic/historical analysis, research patience, sometimes ancient languages"
Literary Track,أدبي,آثار الفيوم,Archaeology Fayoum,319.0,77.8,"Historical preservation, linguistic/historical analysis, research patience, sometimes ancient languages"
Literary Track,أدبي,الاعاقة والتأهيل بني سويف,Disability and Rehabilitation Beni Suef,319.0,77.8,"High empathy, patience, specialized communication skills, rehabilitative psychological understanding"
Literary Track,أدبي,إعلام وتكنولوجيا اتصال السويس,Mass Communication and Technology Communication Suez,319.0,77.8,"Writing and editing, communication, broad general knowledge, filming/editing skills depending on track"
Literary Track,أدبي,آثار أسوان,Archaeology Aswan,318.0,77.56,"Historical preservation, linguistic/historical analysis, research patience, sometimes ancient languages"
Literary Track,أدبي,آثار الأقصر,Archaeology Luxor,317.0,77.32,"Historical preservation, linguistic/historical analysis, research patience, sometimes ancient languages"
Literary Track,أدبي,آثار سوهاج,Archaeology Sohag,316.0,77.07,"Historical preservation, linguistic/historical analysis, research patience, sometimes ancient languages"
Literary Track,أدبي,إعلام جنوب الوادي,Mass Communication South Wadi,316.0,77.07,"Writing and editing, communication, broad general knowledge, filming/editing skills depending on track"
Literary Track,أدبي,آثار جنوب الوادي,Archaeology South Wadi,315.0,76.83,"Historical preservation, linguistic/historical analysis, research patience, sometimes ancient languages"
Literary Track,أدبي,فنون جميلة فنون الإسكندرية,Arts (Fine) Fine Arts (Fine) Alexandria,315.0,76.83,"Artistic/design talent, visual creativity, drawing or architectural design skills"
Literary Track,أدبي,تربية الإسكندرية,Education Alexandria,312.0,76.1,"Teaching and communication skills, patience, basic educational psychology understanding"
Literary Track,أدبي,تربية الزقازيق,Education Zagazig,312.0,76.1,"Teaching and communication skills, patience, basic educational psychology understanding"
Literary Track,أدبي,تربية بور سعيد,Education Port Said,311.0,75.85,"Teaching and communication skills, patience, basic educational psychology understanding"
Literary Track,أدبي,تربية عين شمس,Education Ain Shams,310.0,75.61,"Teaching and communication skills, patience, basic educational psychology understanding"
Literary Track,أدبي,تربية المنصورة,Education Mansoura,308.0,75.12,"Teaching and communication skills, patience, basic educational psychology understanding"
Literary Track,أدبي,تربية طنطا,Education Tanta,307.0,74.88,"Teaching and communication skills, patience, basic educational psychology understanding"
Literary Track,أدبي,آداب العريش,Arts (Humanities) Al-Arish,303.0,73.9,General analytical and communication skills (recommend checking specific department details)
Literary Track,أدبي,فنون جميلة فنون حلوان,Arts (Fine) Fine Arts (Fine) Helwan,303.0,73.9,"Artistic/design talent, visual creativity, drawing or architectural design skills"
Literary Track,أدبي,تربية بنها,Education Banha,303.0,73.9,"Teaching and communication skills, patience, basic educational psychology understanding"
Literary Track,أدبي,تربية تعليم ابتدائي الزقازيق,Education Education Primary Zagazig,302.0,73.66,"Teaching and communication skills, patience, basic educational psychology understanding"
Literary Track,أدبي,تربية طفولة مبكرة الزقازيق,Education Early Childhood Early Zagazig,301.0,73.41,"Educational patience, understanding child development, communication skills with children"
Literary Track,أدبي,آداب القاهرة,Arts (Humanities) Cairo,300.0,73.17,General analytical and communication skills (recommend checking specific department details)
Literary Track,أدبي,فنون جميلة فنون المنصورة,Arts (Fine) Fine Arts (Fine) Mansoura,299.0,72.93,"Artistic/design talent, visual creativity, drawing or architectural design skills"
Literary Track,أدبي,تربية دمنهور,Education Damanhour,298.0,72.68,"Teaching and communication skills, patience, basic educational psychology understanding"
Literary Track,أدبي,تربية المنوفية بشبين الكوم,Education Menoufia in Shebin Kom,298.0,72.68,"Teaching and communication skills, patience, basic educational psychology understanding"
Literary Track,أدبي,تربية مطروح,Education Matrouh,296.0,72.2,"Teaching and communication skills, patience, basic educational psychology understanding"
Literary Track,أدبي,حقوق دمياط,Law Damietta,296.0,72.2,"Logical and textual analysis, memorizing legal texts, argumentation and persuasion skills"
Literary Track,أدبي,تربية طفولة مبكرة بور سعيد,Education Early Childhood Early Port Said,296.0,72.2,"Educational patience, understanding child development, communication skills with children"
Literary Track,أدبي,تربية تعليم ابتدائي المنصورة,Education Education Primary Mansoura,296.0,72.2,"Teaching and communication skills, patience, basic educational psychology understanding"
Literary Track,أدبي,تربية تعليم ابتدائي بور سعيد,Education Education Primary Port Said,295.0,71.95,"Teaching and communication skills, patience, basic educational psychology understanding"
Literary Track,أدبي,تربية طفولة مبكرة المنصورة,Education Early Childhood Early Mansoura,293.0,71.46,"Educational patience, understanding child development, communication skills with children"
Literary Track,أدبي,تربية حلوان,Education Helwan,293.0,71.46,"Teaching and communication skills, patience, basic educational psychology understanding"
Literary Track,أدبي,تجارة المنصورة,Commerce Mansoura,292.0,71.22,"Basic financial math, accounting, data analysis, business communication skills"
Literary Track,أدبي,تربية المنيا,Education Minya,292.0,71.22,"Teaching and communication skills, patience, basic educational psychology understanding"
Literary Track,أدبي,تجارة دمياط,Commerce Damietta,292.0,71.22,"Basic financial math, accounting, data analysis, business communication skills"
Literary Track,أدبي,آداب عين شمس,Arts (Humanities) Ain Shams,291.0,70.98,General analytical and communication skills (recommend checking specific department details)
Literary Track,أدبي,تجارة القاهرة,Commerce Cairo,291.0,70.98,"Basic financial math, accounting, data analysis, business communication skills"
Literary Track,أدبي,آداب الإسكندرية,Arts (Humanities) Alexandria,290.0,70.73,General analytical and communication skills (recommend checking specific department details)
Literary Track,أدبي,تربية تعليم ابتدائي الإسكندرية,Education Education Primary Alexandria,290.0,70.73,"Teaching and communication skills, patience, basic educational psychology understanding"
Literary Track,أدبي,تربية مدينة السادات,Education City of Sadat,290.0,70.73,"Teaching and communication skills, patience, basic educational psychology understanding"
Literary Track,أدبي,تربية تعليم ابتدائي طنطا,Education Education Primary Tanta,290.0,70.73,"Teaching and communication skills, patience, basic educational psychology understanding"
Literary Track,أدبي,تجارة الإسكندرية,Commerce Alexandria,289.0,70.49,"Basic financial math, accounting, data analysis, business communication skills"
Literary Track,أدبي,فنون جميلة فنون المنيا,Arts (Fine) Fine Arts (Fine) Minya,288.0,70.24,"Artistic/design talent, visual creativity, drawing or architectural design skills"
Literary Track,أدبي,تجارة الزقازيق,Commerce Zagazig,288.0,70.24,"Basic financial math, accounting, data analysis, business communication skills"
Literary Track,أدبي,تربية الفيوم,Education Fayoum,287.0,70.0,"Teaching and communication skills, patience, basic educational psychology understanding"
Literary Track,أدبي,تجارة جنوب الوادي,Commerce South Wadi,287.0,70.0,"Basic financial math, accounting, data analysis, business communication skills"
Literary Track,أدبي,فنون جميلة فنون أسيوط,Arts (Fine) Fine Arts (Fine) Asyut,287.0,70.0,"Artistic/design talent, visual creativity, drawing or architectural design skills"
Literary Track,أدبي,آداب حلوان,Arts (Humanities) Helwan,286.0,69.76,General analytical and communication skills (recommend checking specific department details)
Literary Track,أدبي,تكنولوجيا وتنمية الزقازيق علوم مالية و إدارية,Technology and Development Zagazig Science Financial and Administrative,286.0,69.76,"Analytical scientific thinking, math/chemistry/physics depending on department, scientific research"
Literary Track,أدبي,تربية تعليم ابتدائي عين شمس,Education Education Primary Ain Shams,285.0,69.51,"Teaching and communication skills, patience, basic educational psychology understanding"
Literary Track,أدبي,تجارة عين شمس,Commerce Ain Shams,285.0,69.51,"Basic financial math, accounting, data analysis, business communication skills"
Literary Track,أدبي,سياحة وفنادق الإسكندرية,Tourism and Hotels Alexandria,285.0,69.51,"Foreign languages, hospitality and customer service, event management"
Literary Track,أدبي,تربية كفر الشيخ,Education Kafr Sheikh,285.0,69.51,"Teaching and communication skills, patience, basic educational psychology understanding"
Literary Track,أدبي,حقوق كفرالشيخ,Law Kafr El-Sheikh,285.0,69.51,"Logical and textual analysis, memorizing legal texts, argumentation and persuasion skills"
Literary Track,أدبي,تربية طفولة مبكرة المنوفية,Education Early Childhood Early Menoufia,284.0,69.27,"Educational patience, understanding child development, communication skills with children"
Literary Track,أدبي,آداب المنصورة,Arts (Humanities) Mansoura,284.0,69.27,General analytical and communication skills (recommend checking specific department details)
Literary Track,أدبي,تجارة و إدارة أعمال حلوان,Commerce and Management Business Helwan,284.0,69.27,"Basic financial math, accounting, data analysis, business communication skills"
Literary Track,أدبي,تجارة قناة السويس بالإسماعيلية,Commerce Canal Suez in Ismailia,283.0,69.02,"Basic financial math, accounting, data analysis, business communication skills"
Literary Track,أدبي,تربية طفولة دمياط رياض أطفال,Education Early Childhood Damietta Kindergarten Children,283.0,69.02,"Educational patience, understanding child development, communication skills with children"
Literary Track,أدبي,تربية بنات عين شمس,Education Girls Ain Shams,283.0,69.02,"Teaching and communication skills, patience, basic educational psychology understanding"
Literary Track,أدبي,تربية طفولة طنطا,Education Early Childhood Tanta,282.0,68.78,"Educational patience, understanding child development, communication skills with children"
Literary Track,أدبي,تربية جنوب الوادي,Education South Wadi,282.0,68.78,"Teaching and communication skills, patience, basic educational psychology understanding"
Literary Track,أدبي,تربية طفولة مبكرة أسيوط,Education Early Childhood Early Asyut,282.0,68.78,"Educational patience, understanding child development, communication skills with children"
Literary Track,أدبي,تربية السويس,Education Suez,282.0,68.78,"Teaching and communication skills, patience, basic educational psychology understanding"
Literary Track,أدبي,فنون جميلة فنون الأقصر,Arts (Fine) Fine Arts (Fine) Luxor,282.0,68.78,"Artistic/design talent, visual creativity, drawing or architectural design skills"
Literary Track,أدبي,آداب بور سعيد,Arts (Humanities) Port Said,282.0,68.78,General analytical and communication skills (recommend checking specific department details)
Literary Track,أدبي,آداب بنها,Arts (Humanities) Banha,281.0,68.54,General analytical and communication skills (recommend checking specific department details)
Literary Track,أدبي,تربية قناة السويس بالإسماعيلية,Education Canal Suez in Ismailia,280.0,68.29,"Teaching and communication skills, patience, basic educational psychology understanding"
Literary Track,أدبي,آداب انتساب موجه القاهرة,Arts (Humanities) Affiliated (Distance Program) Cairo,280.0,68.29,General analytical and communication skills (recommend checking specific department details)
Literary Track,أدبي,تربية سوهاج,Education Sohag,280.0,68.29,"Teaching and communication skills, patience, basic educational psychology understanding"
Literary Track,أدبي,تربية طفولة الإسكندرية,Education Early Childhood Alexandria,280.0,68.29,"Educational patience, understanding child development, communication skills with children"
Literary Track,أدبي,تجارة بور سعيد,Commerce Port Said,279.0,68.05,"Basic financial math, accounting, data analysis, business communication skills"
Literary Track,أدبي,تربية أسيوط,Education Asyut,279.0,68.05,"Teaching and communication skills, patience, basic educational psychology understanding"
Literary Track,أدبي,تجارة انتساب موجه القاهرة,Commerce Affiliated (Distance Program) Cairo,279.0,68.05,"Basic financial math, accounting, data analysis, business communication skills"
Literary Track,أدبي,تربية طفولة مبكرة الإسكندرية,Education Early Childhood Early Alexandria,278.0,67.8,"Educational patience, understanding child development, communication skills with children"
Literary Track,أدبي,تربية رياضية بنات بنها,Education Sports Girls Banha,278.0,67.8,"Physical fitness, coaching skills, understanding of movement physiology"
Literary Track,أدبي,آداب انتساب موجه الإسكندرية,Arts (Humanities) Affiliated (Distance Program) Alexandria,278.0,67.8,General analytical and communication skills (recommend checking specific department details)
Literary Track,أدبي,تربية جنوب الوادي بالغردقة,Education South Wadi in Hurghada,278.0,67.8,"Teaching and communication skills, patience, basic educational psychology understanding"
Literary Track,أدبي,تربية طفولة مبكرة القاهرة,Education Early Childhood Early Cairo,277.0,67.56,"Educational patience, understanding child development, communication skills with children"
Literary Track,أدبي,تربية تعليم ابتدائي بنها,Education Education Primary Banha,277.0,67.56,"Teaching and communication skills, patience, basic educational psychology understanding"
Literary Track,أدبي,تجارة بنها,Commerce Banha,277.0,67.56,"Basic financial math, accounting, data analysis, business communication skills"
Literary Track,أدبي,تربية تعليم ابتدائي المنوفية,Education Education Primary Menoufia,276.0,67.32,"Teaching and communication skills, patience, basic educational psychology understanding"
Literary Track,أدبي,تجارة انتساب موجه الإسكندرية,Commerce Affiliated (Distance Program) Alexandria,276.0,67.32,"Basic financial math, accounting, data analysis, business communication skills"
Literary Track,أدبي,آداب و علوم إنسانية السويس,Arts (Humanities) and Science Humanities Suez,276.0,67.32,"Analytical scientific thinking, math/chemistry/physics depending on department, scientific research"
Literary Track,أدبي,تربية تعليم ابتدائي حلوان,Education Education Primary Helwan,276.0,67.32,"Teaching and communication skills, patience, basic educational psychology understanding"
Literary Track,أدبي,دار العلوم القاهرة,Dar Al-Uloom Science Cairo,275.0,67.07,"Analytical scientific thinking, math/chemistry/physics depending on department, scientific research"
Literary Track,أدبي,تربية طفولة مبكرة دمنهور,Education Early Childhood Early Damanhour,275.0,67.07,"Educational patience, understanding child development, communication skills with children"
Literary Track,أدبي,تربية تعليم ابتدائي بنات عين شمس,Education Education Primary Girls Ain Shams,275.0,67.07,"Teaching and communication skills, patience, basic educational psychology understanding"
Literary Track,أدبي,آداب انتساب موجه عين شمس,Arts (Humanities) Affiliated (Distance Program) Ain Shams,275.0,67.07,General analytical and communication skills (recommend checking specific department details)
Literary Track,أدبي,تجارة كفر الشيخ,Commerce Kafr Sheikh,275.0,67.07,"Basic financial math, accounting, data analysis, business communication skills"
Literary Track,أدبي,تربية نوعية الزقازيق,Education Specific/Specialized Zagazig,275.0,67.07,"Artistic/musical/technical skills depending on specialization, practical education"
Literary Track,أدبي,آداب الزقازيق,Arts (Humanities) Zagazig,274.0,66.83,General analytical and communication skills (recommend checking specific department details)
Literary Track,أدبي,تربية طفولة مبكرة مدينة السادات,Education Early Childhood Early City of Sadat,274.0,66.83,"Educational patience, understanding child development, communication skills with children"
Literary Track,أدبي,تربية بني سويف,Education Beni Suef,274.0,66.83,"Teaching and communication skills, patience, basic educational psychology understanding"
Literary Track,أدبي,تجارة انتساب موجه عين شمس,Commerce Affiliated (Distance Program) Ain Shams,274.0,66.83,"Basic financial math, accounting, data analysis, business communication skills"
Literary Track,أدبي,تجارة انتساب موجه المنصورة,Commerce Affiliated (Distance Program) Mansoura,274.0,66.83,"Basic financial math, accounting, data analysis, business communication skills"
Literary Track,أدبي,آداب طنطا,Arts (Humanities) Tanta,274.0,66.83,General analytical and communication skills (recommend checking specific department details)
Literary Track,أدبي,تربية تعليم ابتدائي دمنهور,Education Education Primary Damanhour,274.0,66.83,"Teaching and communication skills, patience, basic educational psychology understanding"
Literary Track,أدبي,حقوق جنوب الوادي,Law South Wadi,273.0,66.59,"Logical and textual analysis, memorizing legal texts, argumentation and persuasion skills"
Literary Track,أدبي,تربية دمياط,Education Damietta,273.0,66.59,"Teaching and communication skills, patience, basic educational psychology understanding"
Literary Track,أدبي,تربية طفولة عين شمس,Education Early Childhood Ain Shams,273.0,66.59,"Educational patience, understanding child development, communication skills with children"
Literary Track,أدبي,تجارة و إدارة أعمال انتساب موجه حلوان,Commerce and Management Business Affiliated (Distance Program) Helwan,273.0,66.59,"Basic financial math, accounting, data analysis, business communication skills"
Literary Track,أدبي,تربية تعليم ابتدائي المنيا,Education Education Primary Minya,273.0,66.59,"Teaching and communication skills, patience, basic educational psychology understanding"
Literary Track,أدبي,تربية طفولة مبكرة الفيوم,Education Early Childhood Early Fayoum,273.0,66.59,"Educational patience, understanding child development, communication skills with children"
Literary Track,أدبي,آداب و علوم إنسانية قناة السويس بالإسماعيلية,Arts (Humanities) and Science Humanities Canal Suez in Ismailia,272.0,66.34,"Analytical scientific thinking, math/chemistry/physics depending on department, scientific research"
Literary Track,أدبي,آداب بنات عين شمس,Arts (Humanities) Girls Ain Shams,272.0,66.34,General analytical and communication skills (recommend checking specific department details)
Literary Track,أدبي,آداب انتساب موجه حلوان,Arts (Humanities) Affiliated (Distance Program) Helwan,272.0,66.34,General analytical and communication skills (recommend checking specific department details)
Literary Track,أدبي,آداب الوادي الجديد,Arts (Humanities) Wadi New,272.0,66.34,General analytical and communication skills (recommend checking specific department details)
Literary Track,أدبي,تربية نوعية القاهرة,Education Specific/Specialized Cairo,272.0,66.34,"Artistic/musical/technical skills depending on specialization, practical education"
Literary Track,أدبي,تربية طفولة مبكرة مطروح,Education Early Childhood Early Matrouh,272.0,66.34,"Educational patience, understanding child development, communication skills with children"
Literary Track,أدبي,تجارة أسوان,Commerce Aswan,271.0,66.1,"Basic financial math, accounting, data analysis, business communication skills"
Literary Track,أدبي,تجارة دمنهور,Commerce Damanhour,271.0,66.1,"Basic financial math, accounting, data analysis, business communication skills"
Literary Track,أدبي,تجارة طنطا,Commerce Tanta,271.0,66.1,"Basic financial math, accounting, data analysis, business communication skills"
Literary Track,أدبي,حقوق المنيا,Law Minya,271.0,66.1,"Logical and textual analysis, memorizing legal texts, argumentation and persuasion skills"
Literary Track,أدبي,آداب دمياط,Arts (Humanities) Damietta,271.0,66.1,General analytical and communication skills (recommend checking specific department details)
Literary Track,أدبي,تجارة انتساب موجه دمياط,Commerce Affiliated (Distance Program) Damietta,271.0,66.1,"Basic financial math, accounting, data analysis, business communication skills"
Literary Track,أدبي,تجارة انتساب موجه الزقازيق,Commerce Affiliated (Distance Program) Zagazig,271.0,66.1,"Basic financial math, accounting, data analysis, business communication skills"
Literary Track,أدبي,آداب انتساب موجه المنصورة,Arts (Humanities) Affiliated (Distance Program) Mansoura,270.0,65.85,General analytical and communication skills (recommend checking specific department details)
Literary Track,أدبي,تجارة المنوفية بشبين الكوم,Commerce Menoufia in Shebin Kom,270.0,65.85,"Basic financial math, accounting, data analysis, business communication skills"
Literary Track,أدبي,آداب المنوفية بشبين الكوم,Arts (Humanities) Menoufia in Shebin Kom,270.0,65.85,General analytical and communication skills (recommend checking specific department details)
Literary Track,أدبي,تجارة السويس,Commerce Suez,270.0,65.85,"Basic financial math, accounting, data analysis, business communication skills"
Literary Track,أدبي,تربية تعليم ابتدائي مدينة السادات,Education Education Primary City of Sadat,270.0,65.85,"Teaching and communication skills, patience, basic educational psychology understanding"
Literary Track,أدبي,تربية طفولة حلوان رياض أطفال,Education Early Childhood Helwan Kindergarten Children,270.0,65.85,"Educational patience, understanding child development, communication skills with children"
Literary Track,أدبي,تربية طفولة مبكرة بني سويف,Education Early Childhood Early Beni Suef,270.0,65.85,"Educational patience, understanding child development, communication skills with children"
Literary Track,أدبي,تربية نوعية الإسكندرية,Education Specific/Specialized Alexandria,269.0,65.61,"Artistic/musical/technical skills depending on specialization, practical education"
Literary Track,أدبي,آداب دمنهور,Arts (Humanities) Damanhour,269.0,65.61,General analytical and communication skills (recommend checking specific department details)
Literary Track,أدبي,تربية طفولة مبكرة المنيا,Education Early Childhood Early Minya,269.0,65.61,"Educational patience, understanding child development, communication skills with children"
Literary Track,أدبي,تجارة العريش,Commerce Al-Arish,269.0,65.61,"Basic financial math, accounting, data analysis, business communication skills"
Literary Track,أدبي,آداب انتساب موجه بنها,Arts (Humanities) Affiliated (Distance Program) Banha,269.0,65.61,General analytical and communication skills (recommend checking specific department details)
Literary Track,أدبي,تجارة انتساب موجه بنها,Commerce Affiliated (Distance Program) Banha,268.0,65.37,"Basic financial math, accounting, data analysis, business communication skills"
Literary Track,أدبي,تجارة بني سويف,Commerce Beni Suef,268.0,65.37,"Basic financial math, accounting, data analysis, business communication skills"
Literary Track,أدبي,آداب كفر الشيخ,Arts (Humanities) Kafr Sheikh,268.0,65.37,General analytical and communication skills (recommend checking specific department details)
Literary Track,أدبي,تربية تعليم ابتدائي كفر الشيخ,Education Education Primary Kafr Sheikh,268.0,65.37,"Teaching and communication skills, patience, basic educational psychology understanding"
Literary Track,أدبي,تربية نوعية طنطا,Education Specific/Specialized Tanta,268.0,65.37,"Artistic/musical/technical skills depending on specialization, practical education"
Literary Track,أدبي,آداب الفيوم,Arts (Humanities) Fayoum,268.0,65.37,General analytical and communication skills (recommend checking specific department details)
Literary Track,أدبي,حقوق القاهرة,Law Cairo,267.0,65.12,"Logical and textual analysis, memorizing legal texts, argumentation and persuasion skills"
Literary Track,أدبي,آداب انتساب موجه بنات عين شمس,Arts (Humanities) Affiliated (Distance Program) Girls Ain Shams,267.0,65.12,General analytical and communication skills (recommend checking specific department details)
Literary Track,أدبي,تربية طفولة كفر الشيخ,Education Early Childhood Kafr Sheikh,267.0,65.12,"Educational patience, understanding child development, communication skills with children"
Literary Track,أدبي,سياحة وفنادق المنصورة,Tourism and Hotels Mansoura,267.0,65.12,"Foreign languages, hospitality and customer service, event management"
Literary Track,أدبي,تجارة مدينة السادات,Commerce City of Sadat,266.0,64.88,"Basic financial math, accounting, data analysis, business communication skills"
Literary Track,أدبي,آداب أسوان,Arts (Humanities) Aswan,266.0,64.88,General analytical and communication skills (recommend checking specific department details)
Literary Track,أدبي,تجارة أسيوط,Commerce Asyut,266.0,64.88,"Basic financial math, accounting, data analysis, business communication skills"
Literary Track,أدبي,دار العلوم انتساب موجه القاهرة,Dar Al-Uloom Science Affiliated (Distance Program) Cairo,266.0,64.88,"Analytical scientific thinking, math/chemistry/physics depending on department, scientific research"
Literary Track,أدبي,حقوق انتساب موجه سوهاج,Law Affiliated (Distance Program) Sohag,265.0,64.63,"Logical and textual analysis, memorizing legal texts, argumentation and persuasion skills"
Literary Track,أدبي,تجارة سوهاج,Commerce Sohag,265.0,64.63,"Basic financial math, accounting, data analysis, business communication skills"
Literary Track,أدبي,حقوق عين شمس,Law Ain Shams,265.0,64.63,"Logical and textual analysis, memorizing legal texts, argumentation and persuasion skills"
Literary Track,أدبي,آداب انتساب موجه العريش,Arts (Humanities) Affiliated (Distance Program) Al-Arish,265.0,64.63,General analytical and communication skills (recommend checking specific department details)
Literary Track,أدبي,تربية نوعية المنصورة,Education Specific/Specialized Mansoura,265.0,64.63,"Artistic/musical/technical skills depending on specialization, practical education"
Literary Track,أدبي,تربية طفولة السويس,Education Early Childhood Suez,265.0,64.63,"Educational patience, understanding child development, communication skills with children"
Literary Track,أدبي,آداب انتساب موجه الزقازيق,Arts (Humanities) Affiliated (Distance Program) Zagazig,265.0,64.63,General analytical and communication skills (recommend checking specific department details)
Literary Track,أدبي,تجارة انتساب موجه قناة السويس بالإسماعيلية,Commerce Affiliated (Distance Program) Canal Suez in Ismailia,264.0,64.39,"Basic financial math, accounting, data analysis, business communication skills"
Literary Track,أدبي,تجارة انتساب موجه المنوفية بشبين الكوم,Commerce Affiliated (Distance Program) Menoufia in Shebin Kom,264.0,64.39,"Basic financial math, accounting, data analysis, business communication skills"
Literary Track,أدبي,تربية تعليم ابتدائي الفيوم,Education Education Primary Fayoum,264.0,64.39,"Teaching and communication skills, patience, basic educational psychology understanding"
Literary Track,أدبي,آداب بني سويف,Arts (Humanities) Beni Suef,263.0,64.15,General analytical and communication skills (recommend checking specific department details)
Literary Track,أدبي,تجارة انتساب موجه دمنهور,Commerce Affiliated (Distance Program) Damanhour,263.0,64.15,"Basic financial math, accounting, data analysis, business communication skills"
Literary Track,أدبي,تجارة انتساب موجه بور سعيد,Commerce Affiliated (Distance Program) Port Said,263.0,64.15,"Basic financial math, accounting, data analysis, business communication skills"
Literary Track,أدبي,آداب انتساب موجه طنطا,Arts (Humanities) Affiliated (Distance Program) Tanta,263.0,64.15,General analytical and communication skills (recommend checking specific department details)
Literary Track,أدبي,آداب انتساب موجه المنوفية بشبين الكوم,Arts (Humanities) Affiliated (Distance Program) Menoufia in Shebin Kom,263.0,64.15,General analytical and communication skills (recommend checking specific department details)
Literary Track,أدبي,تربية الوادي الجديد,Education Wadi New,263.0,64.15,"Teaching and communication skills, patience, basic educational psychology understanding"
Literary Track,أدبي,آداب انتساب موجه بور سعيد,Arts (Humanities) Affiliated (Distance Program) Port Said,263.0,64.15,General analytical and communication skills (recommend checking specific department details)
Literary Track,أدبي,تجارة انتساب موجه أسوان,Commerce Affiliated (Distance Program) Aswan,262.0,63.9,"Basic financial math, accounting, data analysis, business communication skills"
Literary Track,أدبي,تربية نوعية عين شمس,Education Specific/Specialized Ain Shams,262.0,63.9,"Artistic/musical/technical skills depending on specialization, practical education"
Literary Track,أدبي,تجارة انتساب موجه جنوب الوادي,Commerce Affiliated (Distance Program) South Wadi,262.0,63.9,"Basic financial math, accounting, data analysis, business communication skills"
Literary Track,أدبي,حقوق الإسكندرية,Law Alexandria,262.0,63.9,"Logical and textual analysis, memorizing legal texts, argumentation and persuasion skills"
Literary Track,أدبي,آداب انتساب موجه دمنهور,Arts (Humanities) Affiliated (Distance Program) Damanhour,262.0,63.9,General analytical and communication skills (recommend checking specific department details)
Literary Track,أدبي,تجارة انتساب موجه طنطا,Commerce Affiliated (Distance Program) Tanta,262.0,63.9,"Basic financial math, accounting, data analysis, business communication skills"
Literary Track,أدبي,تجارة انتساب موجه السويس,Commerce Affiliated (Distance Program) Suez,262.0,63.9,"Basic financial math, accounting, data analysis, business communication skills"
Literary Track,أدبي,آداب و علوم انسانية انتساب موجه قناة السويس بالإسماعيلية,Arts (Humanities) and Science Humanities Affiliated (Distance Program) Canal Suez in Ismailia,262.0,63.9,"Analytical scientific thinking, math/chemistry/physics depending on department, scientific research"
Literary Track,أدبي,تجارة انتساب موجه كفر الشيخ,Commerce Affiliated (Distance Program) Kafr Sheikh,262.0,63.9,"Basic financial math, accounting, data analysis, business communication skills"
Literary Track,أدبي,تربية تعليم ابتدائي قناة السويس بالإسماعيلية,Education Education Primary Canal Suez in Ismailia,262.0,63.9,"Teaching and communication skills, patience, basic educational psychology understanding"
Literary Track,أدبي,تجارة انتساب موجه العريش,Commerce Affiliated (Distance Program) Al-Arish,261.0,63.66,"Basic financial math, accounting, data analysis, business communication skills"
Literary Track,أدبي,آداب انتساب موجه كفر الشيخ,Arts (Humanities) Affiliated (Distance Program) Kafr Sheikh,261.0,63.66,General analytical and communication skills (recommend checking specific department details)
Literary Track,أدبي,تربية طفولة دمنهور,Education Early Childhood Damanhour,261.0,63.66,"Educational patience, understanding child development, communication skills with children"
Literary Track,أدبي,حقوق انتساب موجه القاهرة,Law Affiliated (Distance Program) Cairo,261.0,63.66,"Logical and textual analysis, memorizing legal texts, argumentation and persuasion skills"
Literary Track,أدبي,حقوق انتساب موجه كفر الشيخ,Law Affiliated (Distance Program) Kafr Sheikh,261.0,63.66,"Logical and textual analysis, memorizing legal texts, argumentation and persuasion skills"
Literary Track,أدبي,آداب انتساب موجه الفيوم,Arts (Humanities) Affiliated (Distance Program) Fayoum,261.0,63.66,General analytical and communication skills (recommend checking specific department details)
Literary Track,أدبي,آداب و علوم إنسانية انتساب موجه السويس,Arts (Humanities) and Science Humanities Affiliated (Distance Program) Suez,261.0,63.66,"Analytical scientific thinking, math/chemistry/physics depending on department, scientific research"
Literary Track,أدبي,تجارة انتساب موجه مدينة السادات,Commerce Affiliated (Distance Program) City of Sadat,261.0,63.66,"Basic financial math, accounting, data analysis, business communication skills"
Literary Track,أدبي,آداب انتساب موجه دمياط,Arts (Humanities) Affiliated (Distance Program) Damietta,261.0,63.66,General analytical and communication skills (recommend checking specific department details)
Literary Track,أدبي,تربية نوعية بور سعيد,Education Specific/Specialized Port Said,260.0,63.41,"Artistic/musical/technical skills depending on specialization, practical education"
Literary Track,أدبي,تربية تعليم ابتدائي أسيوط,Education Education Primary Asyut,260.0,63.41,"Teaching and communication skills, patience, basic educational psychology understanding"
Literary Track,أدبي,حقوق انتساب موجه عين شمس,Law Affiliated (Distance Program) Ain Shams,260.0,63.41,"Logical and textual analysis, memorizing legal texts, argumentation and persuasion skills"
Literary Track,أدبي,تربية تعليم ابتدائي السويس,Education Education Primary Suez,260.0,63.41,"Teaching and communication skills, patience, basic educational psychology understanding"
Literary Track,أدبي,تجارة انتساب موجه أسيوط,Commerce Affiliated (Distance Program) Asyut,260.0,63.41,"Basic financial math, accounting, data analysis, business communication skills"
Literary Track,أدبي,تجارة انتساب موجه بني سويف,Commerce Affiliated (Distance Program) Beni Suef,260.0,63.41,"Basic financial math, accounting, data analysis, business communication skills"
Literary Track,أدبي,حقوق الزقازيق,Law Zagazig,260.0,63.41,"Logical and textual analysis, memorizing legal texts, argumentation and persuasion skills"
Literary Track,أدبي,تربية طفولة قناة السويس بالإسماعيلية,Education Early Childhood Canal Suez in Ismailia,260.0,63.41,"Educational patience, understanding child development, communication skills with children"
Literary Track,أدبي,سياحة وفنادق حلوان بالمنيل,Tourism and Hotels Helwan in Al-Manial,260.0,63.41,"Foreign languages, hospitality and customer service, event management"
Literary Track,أدبي,تجارة انتساب موجه سوهاج,Commerce Affiliated (Distance Program) Sohag,259.0,63.17,"Basic financial math, accounting, data analysis, business communication skills"
Literary Track,أدبي,آداب أسيوط,Arts (Humanities) Asyut,259.0,63.17,General analytical and communication skills (recommend checking specific department details)
Literary Track,أدبي,آداب انتساب موجه أسوان,Arts (Humanities) Affiliated (Distance Program) Aswan,259.0,63.17,General analytical and communication skills (recommend checking specific department details)
Literary Track,أدبي,تربية تعليم ابتدائي دمياط,Education Education Primary Damietta,258.0,62.93,"Teaching and communication skills, patience, basic educational psychology understanding"
Literary Track,أدبي,تربية طفولة جنوب الوادي,Education Early Childhood South Wadi,258.0,62.93,"Educational patience, understanding child development, communication skills with children"
Literary Track,أدبي,آداب سوهاج,Arts (Humanities) Sohag,258.0,62.93,General analytical and communication skills (recommend checking specific department details)
Literary Track,أدبي,حقوق حلوان,Law Helwan,258.0,62.93,"Logical and textual analysis, memorizing legal texts, argumentation and persuasion skills"
Literary Track,أدبي,آداب المنيا,Arts (Humanities) Minya,258.0,62.93,General analytical and communication skills (recommend checking specific department details)
Literary Track,أدبي,آداب انتساب موجه بني سويف,Arts (Humanities) Affiliated (Distance Program) Beni Suef,258.0,62.93,General analytical and communication skills (recommend checking specific department details)
Literary Track,أدبي,حقوق بنها,Law Banha,257.0,62.68,"Logical and textual analysis, memorizing legal texts, argumentation and persuasion skills"
Literary Track,أدبي,حقوق انتساب موجه حلوان,Law Affiliated (Distance Program) Helwan,257.0,62.68,"Logical and textual analysis, memorizing legal texts, argumentation and persuasion skills"
Literary Track,أدبي,آداب انتساب موجه الوادي الجديد,Arts (Humanities) Affiliated (Distance Program) Wadi New,257.0,62.68,General analytical and communication skills (recommend checking specific department details)
Literary Track,أدبي,آداب جنوب الوادي,Arts (Humanities) South Wadi,257.0,62.68,General analytical and communication skills (recommend checking specific department details)
Literary Track,أدبي,حقوق المنصورة,Law Mansoura,256.0,62.44,"Logical and textual analysis, memorizing legal texts, argumentation and persuasion skills"
Literary Track,أدبي,حقوق أسوان,Law Aswan,256.0,62.44,"Logical and textual analysis, memorizing legal texts, argumentation and persuasion skills"
Literary Track,أدبي,آداب انتساب موجه أسيوط,Arts (Humanities) Affiliated (Distance Program) Asyut,256.0,62.44,General analytical and communication skills (recommend checking specific department details)
Literary Track,أدبي,حقوق أسيوط,Law Asyut,256.0,62.44,"Logical and textual analysis, memorizing legal texts, argumentation and persuasion skills"
Literary Track,أدبي,حقوق الفيوم,Law Fayoum,256.0,62.44,"Logical and textual analysis, memorizing legal texts, argumentation and persuasion skills"
Literary Track,أدبي,آداب انتساب موجه المنيا,Arts (Humanities) Affiliated (Distance Program) Minya,256.0,62.44,General analytical and communication skills (recommend checking specific department details)
Literary Track,أدبي,حقوق انتساب موجه الإسكندرية,Law Affiliated (Distance Program) Alexandria,256.0,62.44,"Logical and textual analysis, memorizing legal texts, argumentation and persuasion skills"
Literary Track,أدبي,آداب انتساب موجه سوهاج,Arts (Humanities) Affiliated (Distance Program) Sohag,255.0,62.2,General analytical and communication skills (recommend checking specific department details)
Literary Track,أدبي,آداب انتساب موجه جنوب الوادي,Arts (Humanities) Affiliated (Distance Program) South Wadi,255.0,62.2,General analytical and communication skills (recommend checking specific department details)
Literary Track,أدبي,تربية نوعية المنيا,Education Specific/Specialized Minya,255.0,62.2,"Artistic/musical/technical skills depending on specialization, practical education"
Literary Track,أدبي,حقوق بني سويف,Law Beni Suef,255.0,62.2,"Logical and textual analysis, memorizing legal texts, argumentation and persuasion skills"
Literary Track,أدبي,تربية نوعية كفر الشيخ,Education Specific/Specialized Kafr Sheikh,255.0,62.2,"Artistic/musical/technical skills depending on specialization, practical education"
Literary Track,أدبي,حقوق انتساب موجه بنها,Law Affiliated (Distance Program) Banha,255.0,62.2,"Logical and textual analysis, memorizing legal texts, argumentation and persuasion skills"
Literary Track,أدبي,تربية نوعية بنها,Education Specific/Specialized Banha,255.0,62.2,"Artistic/musical/technical skills depending on specialization, practical education"
Literary Track,أدبي,حقوق طنطا,Law Tanta,255.0,62.2,"Logical and textual analysis, memorizing legal texts, argumentation and persuasion skills"
Literary Track,أدبي,حقوق المنوفية بشبين الكوم,Law Menoufia in Shebin Kom,254.0,61.95,"Logical and textual analysis, memorizing legal texts, argumentation and persuasion skills"
Literary Track,أدبي,دار العلوم الفيوم,Dar Al-Uloom Science Fayoum,254.0,61.95,"Analytical scientific thinking, math/chemistry/physics depending on department, scientific research"
Literary Track,أدبي,حقوق انتساب موجه الزقازيق,Law Affiliated (Distance Program) Zagazig,254.0,61.95,"Logical and textual analysis, memorizing legal texts, argumentation and persuasion skills"
Literary Track,أدبي,السياحة والفنادق تعليم تبادلى أسكندرية,Tourism and Hotels Education Cooperative Alexandria,253.0,61.71,General analytical and communication skills (recommend checking specific department details)
Literary Track,أدبي,حقوق انتساب موجه جنوب الوادي,Law Affiliated (Distance Program) South Wadi,253.0,61.71,"Logical and textual analysis, memorizing legal texts, argumentation and persuasion skills"
Literary Track,أدبي,حقوق مدينة السادات,Law City of Sadat,252.0,61.46,"Logical and textual analysis, memorizing legal texts, argumentation and persuasion skills"
Literary Track,أدبي,حقوق انتساب موجه المنوفية بشبين الكوم,Law Affiliated (Distance Program) Menoufia in Shebin Kom,252.0,61.46,"Logical and textual analysis, memorizing legal texts, argumentation and persuasion skills"
Literary Track,أدبي,دار العلوم المنيا,Dar Al-Uloom Science Minya,252.0,61.46,"Analytical scientific thinking, math/chemistry/physics depending on department, scientific research"
Literary Track,أدبي,السياحة والفنادق تعليم تبادلى حلوان,Tourism and Hotels Education Cooperative Helwan,252.0,61.46,General analytical and communication skills (recommend checking specific department details)
Literary Track,أدبي,حقوق انتساب موجه طنطا,Law Affiliated (Distance Program) Tanta,251.5,61.34,"Logical and textual analysis, memorizing legal texts, argumentation and persuasion skills"
Literary Track,أدبي,حقوق انتساب موجه المنصورة,Law Affiliated (Distance Program) Mansoura,251.0,61.22,"Logical and textual analysis, memorizing legal texts, argumentation and persuasion skills"
Literary Track,أدبي,حقوق انتساب موجه بني سويف,Law Affiliated (Distance Program) Beni Suef,251.0,61.22,"Logical and textual analysis, memorizing legal texts, argumentation and persuasion skills"
Literary Track,أدبي,سياحة وفنادق مطروح,Tourism and Hotels Matrouh,251.0,61.22,"Foreign languages, hospitality and customer service, event management"
Literary Track,أدبي,حقوق انتساب موجه أسوان,Law Affiliated (Distance Program) Aswan,251.0,61.22,"Logical and textual analysis, memorizing legal texts, argumentation and persuasion skills"
Literary Track,أدبي,سياحة وفنادق قناة السويس بالإسماعيلية,Tourism and Hotels Canal Suez in Ismailia,251.0,61.22,"Foreign languages, hospitality and customer service, event management"
Literary Track,أدبي,دار العلوم انتساب موجه الفيوم,Dar Al-Uloom Science Affiliated (Distance Program) Fayoum,251.0,61.22,"Analytical scientific thinking, math/chemistry/physics depending on department, scientific research"
Literary Track,أدبي,تربية تعليم ابتدائي بني سويف,Education Education Primary Beni Suef,251.0,61.22,"Teaching and communication skills, patience, basic educational psychology understanding"
Literary Track,أدبي,دار العلوم أسوان,Dar Al-Uloom Science Aswan,251.0,61.22,"Analytical scientific thinking, math/chemistry/physics depending on department, scientific research"
Literary Track,أدبي,أقتصاد منزلى المنوفية بشبين الكوم,Economics Home (Economics) Menoufia in Shebin Kom,251.0,61.22,General analytical and communication skills (recommend checking specific department details)
Literary Track,أدبي,تربية تعليم ابتدائي جنوب الوادي,Education Education Primary South Wadi,250.0,60.98,"Teaching and communication skills, patience, basic educational psychology understanding"
Literary Track,أدبي,حقوق انتساب موجه مدينة السادات,Law Affiliated (Distance Program) City of Sadat,250.0,60.98,"Logical and textual analysis, memorizing legal texts, argumentation and persuasion skills"
Literary Track,أدبي,دار العلوم انتساب موجه المنيا,Dar Al-Uloom Science Affiliated (Distance Program) Minya,250.0,60.98,"Analytical scientific thinking, math/chemistry/physics depending on department, scientific research"
Literary Track,أدبي,تربية نوعية الفيوم,Education Specific/Specialized Fayoum,250.0,60.98,"Artistic/musical/technical skills depending on specialization, practical education"
Literary Track,أدبي,تربية نوعية المنصورة بميت غمر,Education Specific/Specialized Mansoura in Mit Ghamr,250.0,60.98,"Artistic/musical/technical skills depending on specialization, practical education"
Literary Track,أدبي,تربية رياضية بنات دمياط,Education Sports Girls Damietta,250.0,60.98,"Physical fitness, coaching skills, understanding of movement physiology"
Literary Track,أدبي,حقوق انتساب موجه أسيوط,Law Affiliated (Distance Program) Asyut,250.0,60.98,"Logical and textual analysis, memorizing legal texts, argumentation and persuasion skills"
Literary Track,أدبي,تشغيل المطاعم بنظام التعليم التبادلي جامعة الفيوم,Operations Restaurants under (system) Education Cooperative (education) University Fayoum,249.0,60.73,General analytical and communication skills (recommend checking specific department details)
Literary Track,أدبي,تربية نوعية المنصورة بمنية النصر,Education Specific/Specialized Mansoura in Minyat Al-Nasr,249.0,60.73,"Artistic/musical/technical skills depending on specialization, practical education"
Literary Track,أدبي,أقتصاد منزلى حلوان,Economics Home (Economics) Helwan,249.0,60.73,General analytical and communication skills (recommend checking specific department details)
Literary Track,أدبي,دار العلوم انتساب موجه أسوان,Dar Al-Uloom Science Affiliated (Distance Program) Aswan,249.0,60.73,"Analytical scientific thinking, math/chemistry/physics depending on department, scientific research"
Literary Track,أدبي,تربية نوعية أسيوط,Education Specific/Specialized Asyut,249.0,60.73,"Artistic/musical/technical skills depending on specialization, practical education"
Literary Track,أدبي,تربية نوعية جنوب الوادي,Education Specific/Specialized South Wadi,249.0,60.73,"Artistic/musical/technical skills depending on specialization, practical education"
Literary Track,أدبي,خدمة اجتماعية حلوان,Service Social Helwan,249.0,60.73,"Human communication, empathy, community intervention skills"
Literary Track,أدبي,أقتصاد منزلى العريش,Economics Home (Economics) Al-Arish,248.0,60.49,General analytical and communication skills (recommend checking specific department details)
Literary Track,أدبي,تربية طفولة سوهاج,Education Early Childhood Sohag,248.0,60.49,"Educational patience, understanding child development, communication skills with children"
Literary Track,أدبي,خدمة اجتماعية انتساب موجه حلوان,Service Social Affiliated (Distance Program) Helwan,248.0,60.49,"Human communication, empathy, community intervention skills"
Literary Track,أدبي,سياحة وفنادق الفيوم,Tourism and Hotels Fayoum,248.0,60.49,"Foreign languages, hospitality and customer service, event management"
Literary Track,أدبي,سياحة وفنادق مدينة السادات,Tourism and Hotels City of Sadat,246.0,60.0,"Foreign languages, hospitality and customer service, event management"
Literary Track,أدبي,سياحه وفنادق الاقصر,Tourism and Hotels Luxor,246.0,60.0,General analytical and communication skills (recommend checking specific department details)
Literary Track,أدبي,تربية نوعية دمنهور رياض أطفال بالنوبارية,Education Specific/Specialized Damanhour Kindergarten Children in Al-Nubariya,246.0,60.0,"Artistic/musical/technical skills depending on specialization, practical education"
Literary Track,أدبي,سياحة وفنادق المنيا,Tourism and Hotels Minya,246.0,60.0,"Foreign languages, hospitality and customer service, event management"
Literary Track,أدبي,تربية نوعية دمياط,Education Specific/Specialized Damietta,246.0,60.0,"Artistic/musical/technical skills depending on specialization, practical education"
Literary Track,أدبي,خدمة اجتماعية تنموية بني سويف,Service Social Developmental Beni Suef,246.0,60.0,"Human communication, empathy, community intervention skills"
Literary Track,أدبي,سياحة وفنادق بني سويف,Tourism and Hotels Beni Suef,246.0,60.0,"Foreign languages, hospitality and customer service, event management"
Literary Track,أدبي,الفني لترميم الآثار بالاقصر,Technical for Restoration of Archaeology in Luxor,246.0,60.0,"Historical preservation, linguistic/historical analysis, research patience, sometimes ancient languages"
Literary Track,أدبي,خدمة اجتماعية الفيوم,Service Social Fayoum,246.0,60.0,"Human communication, empathy, community intervention skills"
Literary Track,أدبي,تربية تعليم ابتدائي جنوب الوادي بالغردقة,Education Education Primary South Wadi in Hurghada,245.0,59.76,"Teaching and communication skills, patience, basic educational psychology understanding"
Literary Track,أدبي,خدمة اجتماعية أسوان,Service Social Aswan,245.0,59.76,"Human communication, empathy, community intervention skills"
Literary Track,أدبي,تربية نوعية المنوفية بأشمون,Education Specific/Specialized Menoufia in Ashmoun,245.0,59.76,"Artistic/musical/technical skills depending on specialization, practical education"
Literary Track,أدبي,تربية فنية المنيا,Education Artistic Minya,245.0,59.76,"Teaching and communication skills, patience, basic educational psychology understanding"
Literary Track,أدبي,خدمة اجتماعية انتساب موجه الفيوم,Service Social Affiliated (Distance Program) Fayoum,244.0,59.51,"Human communication, empathy, community intervention skills"
Literary Track,أدبي,خدمة اجتماعية تنموية انتساب موجه بني سويف,Service Social Developmental Affiliated (Distance Program) Beni Suef,244.0,59.51,"Human communication, empathy, community intervention skills"
Literary Track,أدبي,تربية تعليم ابتدائي سوهاج,Education Education Primary Sohag,244.0,59.51,"Teaching and communication skills, patience, basic educational psychology understanding"
Literary Track,أدبي,خدمة اجتماعية أسيوط,Service Social Asyut,244.0,59.51,"Human communication, empathy, community intervention skills"
Literary Track,أدبي,تربية نوعية فنية طنطا,Education Specific/Specialized Artistic Tanta,244.0,59.51,"Artistic/musical/technical skills depending on specialization, practical education"
Literary Track,أدبي,تربية طفولة الوادي الجديد,Education Early Childhood Wadi New,244.0,59.51,"Educational patience, understanding child development, communication skills with children"
Literary Track,أدبي,خدمة اجتماعية انتساب موجه أسيوط,Service Social Affiliated (Distance Program) Asyut,243.0,59.27,"Human communication, empathy, community intervention skills"
Literary Track,أدبي,خدمة اجتماعية انتساب موجه أسوان,Service Social Affiliated (Distance Program) Aswan,243.0,59.27,"Human communication, empathy, community intervention skills"
Literary Track,أدبي,تربية نوعية فنية الزقازيق,Education Specific/Specialized Artistic Zagazig,243.0,59.27,"Artistic/musical/technical skills depending on specialization, practical education"
Literary Track,أدبي,تربية رياضية بنات المنوفية بشبين الكوم,Education Sports Girls Menoufia in Shebin Kom,241.0,58.78,"Physical fitness, coaching skills, understanding of movement physiology"
Literary Track,أدبي,الفني التجارى بالروضه,Technical Commercial in Al-Rawda,241.0,58.78,General analytical and communication skills (recommend checking specific department details)
Literary Track,أدبي,الفني التجارى ببنها,Technical Commercial in Banha,240.0,58.54,General analytical and communication skills (recommend checking specific department details)
Literary Track,أدبي,تربية أسوان,Education Aswan,240.0,58.54,"Teaching and communication skills, patience, basic educational psychology understanding"
Literary Track,أدبي,الفني التجارى بدمنهور,Technical Commercial in Damanhour,240.0,58.54,General analytical and communication skills (recommend checking specific department details)
Literary Track,أدبي,تربية نوعية موسيقية الزقازيق,Education Specific/Specialized Music Zagazig,240.0,58.54,"Artistic/musical/technical skills depending on specialization, practical education"
Literary Track,أدبي,تربية طفولة جنوب الوادي بالغردقة,Education Early Childhood South Wadi in Hurghada,240.0,58.54,"Educational patience, understanding child development, communication skills with children"
Literary Track,أدبي,تربية نوعية مطروح,Education Specific/Specialized Matrouh,240.0,58.54,"Artistic/musical/technical skills depending on specialization, practical education"
Literary Track,أدبي,تربية رياضية بنين الإسكندرية,Education Sports Boys Alexandria,239.0,58.29,"Physical fitness, coaching skills, understanding of movement physiology"
Literary Track,أدبي,تربية نوعية فنية أسيوط,Education Specific/Specialized Artistic Asyut,239.0,58.29,"Artistic/musical/technical skills depending on specialization, practical education"
Literary Track,أدبي,تربية نوعية موسيقية طنطا,Education Specific/Specialized Music Tanta,238.0,58.05,"Artistic/musical/technical skills depending on specialization, practical education"
